Year,Rank,Name,NOC,Class
1986,1,Marko Cerne,YUG,K1 - Men
1986,2,Ian Wiley,IRL,K1 - Men
1986,3,Tomaz Stokelj,YUG,K1 - Men
1986,4,Andrej Breznik,YUG,K1 - Men
1986,5,Fabrice Olive,FRA,K1 - Men
1986,6,Udo Wällnitz,FRG,K1 - Men
1986,7,Manuel Köhler,AUT,K1 - Men
1986,8,Gair Outhwaite,GBR,K1 - Men
1986,9,Stefan Götz,SUI,K1 - Men
1986,10,Frederic Alapetite,FRA,K1 - Men
1986,11,Sylvain Curinier,FRA,K1 - Men
1986,12,Dusan Muehl,TCH,K1 - Men
1986,13,Emilio Herran,ESP,K1 - Men
1986,14,Xavier Quirin,BEL,K1 - Men
1986,15,Thomas Hilger,FRG,K1 - Men
1986,16,Bernard Goire,BEL,K1 - Men
1986,17,Rory Mcgann,IRL,K1 - Men
1986,18,Alberto Roviera,ITA,K1 - Men
1986,19,Oscar Moro,ITA,K1 - Men
1986,20,David Crosbee,GBR,K1 - Men
1986,21,Manfred Rass,AUT,K1 - Men
1986,22,Jesper Eliason,SWE,K1 - Men
1986,23,George Spittal,GBR,K1 - Men
1986,24,Roger Weist,FRG,K1 - Men
1986,25,Simon Connell,AUS,K1 - Men
1986,26,Alaster Mac Cormick,NZL,K1 - Men
1986,27,Robert Paul,NZL,K1 - Men
1986,28,Fleming Schmidt,NOR,K1 - Men
1986,29,Jiri Ellinger,TCH,K1 - Men
1986,30,Tomas Abraham,TCH,K1 - Men
1986,31,Pistoni Marcello,ITA,K1 - Men
1986,32,Anders Carlsson,SWE,K1 - Men
1986,33,Thomas Brunold,SUI,K1 - Men
1986,34,Adrian Fogg,NZL,K1 - Men
1986,35,Vincent Van Leeuwen,NED,K1 - Men
1986,36,Stefan Cotting,SUI,K1 - Men
1986,37,Joe Mikulsky,USA,K1 - Men
1986,38,Reinhard Kramml,AUT,K1 - Men
1986,39,Jason Carleton,CAN,K1 - Men
1986,40,Eric Martin,USA,K1 - Men
1986,41,Mark Mathews,USA,K1 - Men
1986,42,Cristian Wathieu,BEL,K1 - Men
1986,43,Fintan O'Brien,IRL,K1 - Men
1986,44,Jakob Schneider,SWE,K1 - Men
1986,45,Petri Leukkunen,FIN,K1 - Men
1986,46,Matthew Gilmore,AUS,K1 - Men
1986,47,Marko Leukkunen,FIN,K1 - Men
1986,48,Sander Van Kuyl,NED,K1 - Men
1986,49,Colin Seaman,CAN,K1 - Men
1986,50,Piotr Jandura,POL,K1 - Men
1986,51,Jeremy Dickman,CAN,K1 - Men
1986,52,Timo Tervo,FIN,K1 - Men
1986,53,Matthew Pallister,AUS,K1 - Men
1988,1,Scott Shipley,USA,K1 - Men
1988,2,Claudio Roviera,ITA,K1 - Men
1988,3,Andraz Vehovar,YUG,K1 - Men
1988,4,Roger Weist,FRG,K1 - Men
1988,5,Alessandro Ciaglia,ITA,K1 - Men
1988,6,Brad Nelson,USA,K1 - Men
1988,7,Gregor Becke,AUT,K1 - Men
1988,8,Miroslav Stanovsky,TCH,K1 - Men
1988,9,Michele Giacoppo,ITA,K1 - Men
1988,10,Ales Jug,YUG,K1 - Men
1988,11,Cristian Wathieu,BEL,K1 - Men
1988,12,Carsten Nillies,FRG,K1 - Men
1988,13,Norbert Pfannhauser,AUT,K1 - Men
1988,14,Kim Gaster,GBR,K1 - Men
1988,15,Richard Macquire,AUS,K1 - Men
1988,16,Sébastien Durst,FRA,K1 - Men
1988,17,Thomas Monier,FRA,K1 - Men
1988,18,Fedja Marusic,YUG,K1 - Men
1988,19,Sander Van Kuyl,NED,K1 - Men
1988,20,Olivier Tanton,FRA,K1 - Men
1988,21,Jörg Gregor,FRG,K1 - Men
1988,22,Jirí Prskavec,TCH,K1 - Men
1988,23,Matthew Stephens,GBR,K1 - Men
1988,24,Xavier Etxaniz Pena,ESP,K1 - Men
1988,25,Joakim Söderin,SWE,K1 - Men
1988,26,Joris Klinkenbijl,NED,K1 - Men
1988,27,Kaine Pinder,AUS,K1 - Men
1988,28,Alexandr Adamek,TCH,K1 - Men
1988,29,Günter Martinsich,AUT,K1 - Men
1988,30,Michael Van De Boogard,NED,K1 - Men
1988,31,Max-Andre Frey,SUI,K1 - Men
1988,32,Lars Argelius,SWE,K1 - Men
1988,33,Jörg Wanner,SUI,K1 - Men
1988,34,Mika Brännare,FIN,K1 - Men
1988,35,Aaran Merrill,AUS,K1 - Men
1988,36,Warren Cheetham,NZL,K1 - Men
1988,37,Jean-Luc Fink,SUI,K1 - Men
1988,38,Thomas Pellden,SWE,K1 - Men
1988,39,Fabian Goire,BEL,K1 - Men
1988,40,Owen Hughes,NZL,K1 - Men
1988,41,David Watson,USA,K1 - Men
1988,42,Inaki Urtizberea,ESP,K1 - Men
1988,43,Tadeusz Udziela,POL,K1 - Men
1988,44,Toni Fohlin,FIN,K1 - Men
1988,45,Michael Green,GBR,K1 - Men
1988,46,Alfred Redmond,IRL,K1 - Men
1988,47,Alfred Perez,ESP,K1 - Men
1988,48,Vaughan Crocker,NZL,K1 - Men
1988,49,John Miller,IRL,K1 - Men
1988,50,Marko Leukkunen,FIN,K1 - Men
1988,51,Jonathan Woods,IRL,K1 - Men
1988,52,Thierry Hulpiau,BEL,K1 - Men
1990,1,Alexandr Adamek,TCH,K1 - Men
1990,2,Peter Buckley,GBR,K1 - Men
1990,3,Jirí Prskavec,TCH,K1 - Men
1990,4,Andraz Vehovar,YUG,K1 - Men
1990,5,Oliver Fix,FRG,K1 - Men
1990,6,Paul Ratcliffe,GBR,K1 - Men
1990,7,Eric Giddens,USA,K1 - Men
1990,8,Miha Stricelj,YUG,K1 - Men
1990,9,Lutz Jogwer,FRG,K1 - Men
1990,10,Enrico Lazzarotto,ITA,K1 - Men
1990,11,Stefan Senoner,ITA,K1 - Men
1990,12,Günter Martinsich,AUT,K1 - Men
1990,13,Ludovic Boulesteix,FRA,K1 - Men
1990,14,Brian Frei,CAN,K1 - Men
1990,15,Jure Pelegrini,YUG,K1 - Men
1990,16,Ondrej Raab,TCH,K1 - Men
1990,17,Mark Haverkamp,FRG,K1 - Men
1990,18,Peter Francis,GBR,K1 - Men
1990,19,Gregor Becke,AUT,K1 - Men
1990,20,Richard Macquire,AUS,K1 - Men
1990,21,Per-Rune Andersson,SWE,K1 - Men
1990,22,Haritz Galarraga,ESP,K1 - Men
1990,23,Helmut Oblinger,AUT,K1 - Men
1990,24,Laurent Le Touze,FRA,K1 - Men
1990,25,Josep Coromines,ESP,K1 - Men
1990,26,Olivier Leblais,FRA,K1 - Men
1990,27,Espen Bierud,NOR,K1 - Men
1990,28,Frederic Deschenes,CAN,K1 - Men
1990,29,Brian Cork,AUS,K1 - Men
1990,30,Christophe Putzeys,BEL,K1 - Men
1990,31,Ingo Franke,FRG,K1 - Men
1990,32,Eduardo Etxeberria,ESP,K1 - Men
1990,33,Mathias Röthenmund,SUI,K1 - Men
1990,34,Carlos Vidal,SUI,K1 - Men
1990,35,Bastiano Di Gioia,ITA,K1 - Men
1990,36,David Watson,USA,K1 - Men
1990,37,Anssi Kvick,FIN,K1 - Men
1990,38,Joost Van Kuyl,NED,K1 - Men
1990,39,Pawel Mysliwiec,POL,K1 - Men
1990,40,Abel Davoine,SUI,K1 - Men
1990,41,Pascal Hageman,NED,K1 - Men
1990,42,Pawel Musial,POL,K1 - Men
1990,43,Norman Thomas,NZL,K1 - Men
1990,44,Brian Fitzgerald,NZL,K1 - Men
1990,45,Jarrod Pinder,AUS,K1 - Men
1990,46,Tero Kuru,FIN,K1 - Men
1990,47,Jerzy Sandera,POL,K1 - Men
1990,48,David Adler,USA,K1 - Men
1990,49,Maarten Holdrinet,NED,K1 - Men
1990,50,Brian Plunkett,NZL,K1 - Men
1990,51,Alain Cote,CAN,K1 - Men
1990,52,Glenn Westberg,NOR,K1 - Men
1990,53,Vincent Jonet,BEL,K1 - Men
1990,54,Petteri Perälä,FIN,K1 - Men
1990,55,Andreas Karlsson,SWE,K1 - Men
1990,56,Koen Behets,BEL,K1 - Men
1990,57,Baard Larsen,NOR,K1 - Men
1990,58,Henrik Lagerström,SWE,K1 - Men
1990,59,Juan Pablo Maricich Garcia,ARG,K1 - Men
1992,1,James Croft,GBR,K1 - Men
1992,2,Dejan Kralj,SLO,K1 - Men
1992,3,Gustavo Selbach,BRA,K1 - Men
1992,4,Leo Hoare,GBR,K1 - Men
1992,5,Dirk Hansen,GER,K1 - Men
1992,6,Vojtech Bares,TCH,K1 - Men
1992,7,Matteo Pontarollo,ITA,K1 - Men
1992,8,Miha Stricelj,SLO,K1 - Men
1992,9,Alessandro Forlin,ITA,K1 - Men
1992,10,Brent Wiesel,USA,K1 - Men
1992,11,Espen Bierud,NOR,K1 - Men
1992,12,Mathias Röthenmund,SUI,K1 - Men
1992,13,Marc Gacond,SUI,K1 - Men
1992,14,Anssi Kvick,FIN,K1 - Men
1992,15,Pavel Novotny,TCH,K1 - Men
1992,16,Keith O'Toole,IRL,K1 - Men
1992,17,Marcis Laidins,LAT,K1 - Men
1992,18,Uros Kodelja,SLO,K1 - Men
1992,19,Richard Barber,GBR,K1 - Men
1992,20,Benjamin Altfeld,GER,K1 - Men
1992,21,Marek Kysel,TCH,K1 - Men
1992,22,Yann Le Pennec,FRA,K1 - Men
1992,23,Igor Durevic,CRO,K1 - Men
1992,24,Jean-Yves Cheutin,FRA,K1 - Men
1992,25,William Gheno,ITA,K1 - Men
1992,26,Ulf Schaberg,GER,K1 - Men
1992,27,Damon Borgfeldt,NZL,K1 - Men
1992,28,Eric Mailleux,BEL,K1 - Men
1992,29,Mats Andersson,SWE,K1 - Men
1992,30,Michal Bielecki,POL,K1 - Men
1992,31,Pascal Hageman,NED,K1 - Men
1992,32,John Eric Southwick,USA,K1 - Men
1992,33,Marlon Almiro Grings,BRA,K1 - Men
1992,34,Antti Svensk,FIN,K1 - Men
1992,35,Marc Illing,CAN,K1 - Men
1992,36,Aaron Martini,AUS,K1 - Men
1992,37,Per Christian Pedersen,NOR,K1 - Men
1992,38,Philippe Closon,BEL,K1 - Men
1992,39,Thierry Cadene,FRA,K1 - Men
1992,40,John Robarts,CAN,K1 - Men
1992,41,Chris James,AUS,K1 - Men
1992,42,Andrej Glucks,CRO,K1 - Men
1992,43,Gustav Sallander,SWE,K1 - Men
1992,44,Aldis Klavins,LAT,K1 - Men
1992,45,Martin Girard,CAN,K1 - Men
1992,46,Dahn Albertsson,SWE,K1 - Men
1992,47,Dean Benedetti,AUS,K1 - Men
1992,48,John Trujillo,USA,K1 - Men
1992,49,Andreas Nagel,SUI,K1 - Men
1992,50,Jarno Orujoe,EST,K1 - Men
1992,51,Nial Gafney,RSA,K1 - Men
1992,52,Luciano Christofoleti,BRA,K1 - Men
1994,1,Pavol Hric,SVK,K1 - Men
1994,2,Ralf Schaberg,GER,K1 - Men
1994,3,Dejan Kralj,SLO,K1 - Men
1994,4,Christoph Erber,GER,K1 - Men
1994,5,David Mruzek,CZE,K1 - Men
1994,6,Igor Durevic,CRO,K1 - Men
1994,7,Guido Koopmans,NED,K1 - Men
1994,8,Niclas Widmark,SWE,K1 - Men
1994,9,Neil Buckley,GBR,K1 - Men
1994,10,Jean Michel Processe,FRA,K1 - Men
1994,11,Joshua Russell,USA,K1 - Men
1994,12,Per Holmberg,SWE,K1 - Men
1994,13,Ales Kuder,SLO,K1 - Men
1994,14,Andrej Glucks,CRO,K1 - Men
1994,15,Paavo Tauriainen,FIN,K1 - Men
1994,16,Robert Vajs,SVK,K1 - Men
1994,17,Rene Stam,NED,K1 - Men
1994,18,Floris Braat,NED,K1 - Men
1994,19,Rok Kodelja,SLO,K1 - Men
1994,20,Olivier Quellet,SUI,K1 - Men
1994,21,Igor Georgijevski,MKD,K1 - Men
1994,22,Piers Christiansen,AUS,K1 - Men
1994,23,Manex Sayalero Alvaro,ESP,K1 - Men
1994,24,Per Christian Pedersen,NOR,K1 - Men
1994,25,Ludek Kyrian,CZE,K1 - Men
1994,26,Oldrich Kovar,SVK,K1 - Men
1994,27,Scott Parsons,USA,K1 - Men
1994,28,Steven Flower,GBR,K1 - Men
1994,29,Christophe Piovesan,FRA,K1 - Men
1994,30,Kyle Elliott,USA,K1 - Men
1994,31,Mikko Suvanto,FIN,K1 - Men
1994,32,Thomas Schmidt,GER,K1 - Men
1994,33,Leszek Bieryt,POL,K1 - Men
1994,34,Anatoli Kassimov,RUS,K1 - Men
1994,35,Marlon Almiro Grings,BRA,K1 - Men
1994,36,Sanz Becerra David,ESP,K1 - Men
1994,37,Philippe Closon,BEL,K1 - Men
1994,38,Olivier Octobre,FRA,K1 - Men
1994,39,Yves Schepperle,SUI,K1 - Men
1994,40,Christian A. Krummenauer,BRA,K1 - Men
1994,41,Mats-Erik Skogfeldt,SWE,K1 - Men
1994,42,Luca Moro,ITA,K1 - Men
1994,43,Ivan Pisvejc,CZE,K1 - Men
1994,44,Marcel Hämmann,SUI,K1 - Men
1994,45,John Wilkie,AUS,K1 - Men
1994,46,Martin Parker,GBR,K1 - Men
1994,47,Luca Negrello,ITA,K1 - Men
1994,48,Jouni Perala,FIN,K1 - Men
1994,49,Dean Kamcev,MKD,K1 - Men
1994,50,Michael Walker,NZL,K1 - Men
1994,51,Anthony Kelso,CAN,K1 - Men
1994,52,Mathieu Tremblay,CAN,K1 - Men
1994,53,Lionel Jonet,BEL,K1 - Men
1994,54,Hamish Norton,NZL,K1 - Men
1994,55,Mike Mcallister,CAN,K1 - Men
1994,56,Stephane Gaspard,BEL,K1 - Men
1994,57,Warwick Draper,AUS,K1 - Men
1994,58,Denis Terezani,BRA,K1 - Men
1994,59,Alex Ian Olguin Henriquez,CHI,K1 - Men
1996,1,Sam Oud,NED,K1 - Men
1996,2,Floris Braat,NED,K1 - Men
1996,3,Ivan Pisvejc,CZE,K1 - Men
1996,4,Fabian Bär,GER,K1 - Men
1996,5,Tomas Kobes,CZE,K1 - Men
1996,6,Peter Cibak,SVK,K1 - Men
1996,7,Timothy Baillie,GBR,K1 - Men
1996,8,Claus Suchanek,GER,K1 - Men
1996,9,Scott Parsons,USA,K1 - Men
1996,10,Mike Kurt,SUI,K1 - Men
1996,11,Carles Juanmarti,ESP,K1 - Men
1996,12,Christoph Erber,GER,K1 - Men
1996,13,Stanislav Jivodrov,RUS,K1 - Men
1996,14,Jan Kratochvil,CZE,K1 - Men
1996,15,Joshua Russell,USA,K1 - Men
1996,16,Pavel Ostrovsky,SVK,K1 - Men
1996,17,Giorgio Quaranta,ITA,K1 - Men
1996,18,Tomas Turcek,SVK,K1 - Men
1996,19,Miha Terdic,SLO,K1 - Men
1996,20,Daniel Cook,GBR,K1 - Men
1996,21,Bertrand Deslux,FRA,K1 - Men
1996,22,Janusz Zebracki,POL,K1 - Men
1996,23,James Hounslow,GBR,K1 - Men
1996,24,Julien Dekarczyk,FRA,K1 - Men
1996,25,Vladimir Chubarov,RUS,K1 - Men
1996,26,Aitor Anuncibay,ESP,K1 - Men
1996,27,Danielle Tira,ITA,K1 - Men
1996,28,Louis Geltman,USA,K1 - Men
1996,29,Michal Majerczak,POL,K1 - Men
1996,30,Lachlan Milne,AUS,K1 - Men
1996,31,Stephane Gaspard,BEL,K1 - Men
1996,32,Michael Collister,AUS,K1 - Men
1996,33,Veli-Matti Sinkokonen,FIN,K1 - Men
1996,34,Fabian Junquet,FRA,K1 - Men
1996,35,Jonas Karlsson,SWE,K1 - Men
1996,36,Mateusz Tajstra,POL,K1 - Men
1996,37,Sasko Nacev,MKD,K1 - Men
1996,38,Toni Sanz,ESP,K1 - Men
1996,39,Vasja Kavs,SLO,K1 - Men
1996,40,Samuel Bohnenblust,SUI,K1 - Men
1996,41,Atanas Nikolovski,MKD,K1 - Men
1996,42,Aivars Rodcenko,LAT,K1 - Men
1996,43,Pascal Mathis,SUI,K1 - Men
1996,44,Jan-Willem Van Lieshout,NED,K1 - Men
1996,45,Helmut Bliem,AUT,K1 - Men
1996,46,Arsenij Boldyrev,RUS,K1 - Men
1996,47,Kaspars Pakers,LAT,K1 - Men
1996,48,Dean Kamcev,MKD,K1 - Men
1996,49,Petri Syrjälainen,FIN,K1 - Men
1996,50,John Westling,SWE,K1 - Men
1996,51,Christophe Grantine,BEL,K1 - Men
1996,52,Märten Hellberg,SWE,K1 - Men
1996,53,Miha Brezigar,SLO,K1 - Men
1996,54,Marco Montaldo,ITA,K1 - Men
1996,55,Jean-Francois Cote,CAN,K1 - Men
1996,56,Veit Krosslhuber,AUT,K1 - Men
1996,57,Craig Elliott,AUS,K1 - Men
1996,58,Ead Becirevic,CRO,K1 - Men
1996,59,Shumpei Sato,JPN,K1 - Men
1996,60,Mauri Tavarez,BRA,K1 - Men
1996,61,Stefan Hillbrand,AUT,K1 - Men
1996,62,Jean Marc Delree,BEL,K1 - Men
1996,63,Karlis Miezis,LAT,K1 - Men
1996,64,Boris Dujmic,CRO,K1 - Men
1996,65,Bevin Cavey,NZL,K1 - Men
1996,66,Mikko Suvanto,FIN,K1 - Men
1996,67,Kevin Austin,NZL,K1 - Men
1998,1,Miha Terdic,SLO,K1 - Men
1998,2,Mike Kurt,SUI,K1 - Men
1998,3,Peter Cibak,SVK,K1 - Men
1998,4,Michal Majerczak,POL,K1 - Men
1998,5,Stanislav Jivodrov,RUS,K1 - Men
1998,6,Gregor Laznik,SLO,K1 - Men
1998,7,Jakobus Stenglein,GER,K1 - Men
1998,8,Klaas Pannewig,GER,K1 - Men
1998,9,Rene Mühlmann,GER,K1 - Men
1998,10,Ivo Janci,CZE,K1 - Men
1998,11,Samuel Bohnenblust,SUI,K1 - Men
1998,12,Simon Jackson,GBR,K1 - Men
1998,13,Märten Hellberg,SWE,K1 - Men
1998,14,Thomas Mosimann,SUI,K1 - Men
1998,15,Otto Klir,CZE,K1 - Men
1998,16,Jakub Miculka,CZE,K1 - Men
1998,17,Jiri Rejha,CZE,K1 - Men
1998,18,Ethan Winger,USA,K1 - Men
1998,19,Andrej Nolimal,SLO,K1 - Men
1998,20,Benoit Peschier,FRA,K1 - Men
1998,21,Eoin Rheinisch,IRL,K1 - Men
1998,22,Daniel Lomas,GBR,K1 - Men
1998,23,Sebastian Zimmer,USA,K1 - Men
1998,24,Andrea Benetti,ITA,K1 - Men
1998,25,Miroslav Damborsky,SVK,K1 - Men
1998,26,Brett Heyl,USA,K1 - Men
1998,27,Jan Sajbidor,SVK,K1 - Men
1998,28,Tomas Mraz,SVK,K1 - Men
1998,29,Sebastian Winter,GER,K1 - Men
1998,30,Asier Ordonez,ESP,K1 - Men
1998,31,Matteo Appodia,ITA,K1 - Men
1998,32,Daan Kruyswyk,NED,K1 - Men
1998,33,Lukasz Miczek,POL,K1 - Men
1998,34,David Backhouse,NED,K1 - Men
1998,35,Piotr Medon,POL,K1 - Men
1998,36,Adrian O'Maley,GBR,K1 - Men
1998,37,Neil Caffrey,IRL,K1 - Men
1998,38,Aleksej Bocko,SLO,K1 - Men
1998,39,Artur Kociuba,POL,K1 - Men
1998,40,Danny Stock,USA,K1 - Men
1998,41,Julien Billaut,FRA,K1 - Men
1998,42,David Treloar,AUS,K1 - Men
1998,43,Boris Dujmic,CRO,K1 - Men
1998,44,Hector Gonzalez,ESP,K1 - Men
1998,45,Nathan Davis,CAN,K1 - Men
1998,46,Kim Garrioch,AUS,K1 - Men
1998,47,Jim Walker,CAN,K1 - Men
1998,48,Evguenij Balachov,RUS,K1 - Men
1998,49,Tsubasa Sasaki,JPN,K1 - Men
1998,50,Luca Baron,ITA,K1 - Men
1998,51,Tom Hewitt,CAN,K1 - Men
1998,52,Emir Sarganovic,BIH,K1 - Men
1998,53,Guillermo Diez Canedo,ESP,K1 - Men
1998,54,Jonne Hirvonen,FIN,K1 - Men
1998,55,Daniel Herzig,AUT,K1 - Men
1998,56,Mikhail Chabakine,RUS,K1 - Men
1998,57,Dinko Mulic,BIH,K1 - Men
1998,58,Serguei Anikine,RUS,K1 - Men
1998,59,Isak Karlsson,SWE,K1 - Men
1998,60,Shumpei Sato,JPN,K1 - Men
1998,61,Fabien Lefevre,FRA,K1 - Men
1998,62,Atanas Nikolovski,MKD,K1 - Men
1998,63,Jean Marc Delree,BEL,K1 - Men
1998,64,Daniel Toros,AUT,K1 - Men
1998,65,Joao Lorenzetti,BRA,K1 - Men
1998,66,Adnan Kosovic,BIH,K1 - Men
1998,67,Emanuele Paolini,ITA,K1 - Men
1998,68,Ben Richardson,GBR,K1 - Men
1998,69,Martin Krsteuski,MKD,K1 - Men
1998,70,Craig Willment,RSA,K1 - Men
1998,71,Joshua Pierini,AUS,K1 - Men
1998,72,Aarne Miettinen,FIN,K1 - Men
1998,73,Paul O'Connel,NZL,K1 - Men
1998,74,Brendan Curson,CAN,K1 - Men
1998,75,Tim Howes,RSA,K1 - Men
1998,76,Petri Syrjälainen,FIN,K1 - Men
1998,77,Simo Aho,FIN,K1 - Men
1998,78,Alexandre Vietra,BRA,K1 - Men
1998,79,Ben Walkley,NZL,K1 - Men
1998,80,Ross O'Donoqhue,RSA,K1 - Men
1998,81,Graeme Andersson,RSA,K1 - Men
1998,82,Sam Norton,AUS,K1 - Men
1998,83,Bruno Grando,BRA,K1 - Men
1998,84,Shuji Yamanaka,JPN,K1 - Men
1998,85,Lars Georg Paulsen,NOR,K1 - Men
2000,1,Jan Sajbidor,SVK,K1 - Men
2000,2,Jens Ewald,GER,K1 - Men
2000,3,Przemyslaw Popis,POL,K1 - Men
2000,4,Gregor Laznik,SLO,K1 - Men
2000,5,Nejc Poberaj,USA,K1 - Men
2000,6,Thilo Schmitt,GER,K1 - Men
2000,7,Guillermo Diez Canedo,ESP,K1 - Men
2000,8,Friedemann Barthel,GER,K1 - Men
2000,9,Michal Cibak,SVK,K1 - Men
2000,10,Pierre Devaux,FRA,K1 - Men
2000,11,Andreas Remmele,GER,K1 - Men
2000,12,Peter Klacko,SVK,K1 - Men
2000,13,Marc Domenjo,ESP,K1 - Men
2000,14,Diego Paolini,ITA,K1 - Men
2000,15,Lukas Kubrican,CZE,K1 - Men
2000,16,Daniele Molmenti,ITA,K1 - Men
2000,17,Scott Mann,USA,K1 - Men
2000,18,Tsubasa Sasaki,JPN,K1 - Men
2000,19,Jindrich Benes,CZE,K1 - Men
2000,20,Peter Kauzer,SLO,K1 - Men
2000,21,Tom Wakeling,GBR,K1 - Men
2000,22,Martin Buchtel,CZE,K1 - Men
2000,23,Daan Kruyswyk,NED,K1 - Men
2000,24,Sebastian Zimmer,USA,K1 - Men
2000,25,Marcel Potocny,SVK,K1 - Men
2000,26,Emir Sarganovic,BIH,K1 - Men
2000,27,Dinko Mulic,BIH,K1 - Men
2000,28,Mikhail Chabakine,RUS,K1 - Men
2000,29,Alexander Eplinger,AUT,K1 - Men
2000,30,Enaut Jaka,ESP,K1 - Men
2000,31,Vladimir Pour,CZE,K1 - Men
2000,32,Christophe Marechal,FRA,K1 - Men
2000,33,Jakub Malecki,POL,K1 - Men
2000,34,Tim Walkely,NZL,K1 - Men
2000,35,Stefano Cipressi,ITA,K1 - Men
2000,36,Andrew Peterman,USA,K1 - Men
2000,37,Javod Meehan,NZL,K1 - Men
2000,38,Ryan Yates,GBR,K1 - Men
2000,39,Greg Sadler,CAN,K1 - Men
2000,40,Stefan Schmocker,SUI,K1 - Men
2000,41,Jure Rusjan,SLO,K1 - Men
2000,42,Nathan Davis,CAN,K1 - Men
2000,43,Daniel Herzig,AUT,K1 - Men
2000,44,Aynsley Buggy,GBR,K1 - Men
2000,45,Nicolas Journot,SUI,K1 - Men
2000,46,Corey Hamilton,CAN,K1 - Men
2000,47,Yong Shu,CHN,K1 - Men
2000,48,Teppei Kato,JPN,K1 - Men
2000,49,Piotr Medon,POL,K1 - Men
2000,50,Joao Lorenzetti,BRA,K1 - Men
2000,51,Ziga Ovcak,SLO,K1 - Men
2000,52,Johnny Olofsson,SWE,K1 - Men
2000,53,Tristan Koochew,AUS,K1 - Men
2000,54,Alexej Agafonov,RUS,K1 - Men
2000,55,Mikhail Ageenko,RUS,K1 - Men
2000,56,Dariusz Popiela,AUT,K1 - Men
2000,57,Pierre Levesque,CAN,K1 - Men
2000,58,Shotaro Haneda,JPN,K1 - Men
2000,59,Daniel Toros,AUT,K1 - Men
2000,60,Mark Yungnickel,NZL,K1 - Men
2000,61,Cedric Bron,SUI,K1 - Men
2000,62,Carl Scott,NZL,K1 - Men
2000,63,Craig Morris,GBR,K1 - Men
2000,64,Mark Bellofiore,AUS,K1 - Men
2000,65,Fabien Lefevre,FRA,K1 - Men
2000,66,Robert Bouten,NED,K1 - Men
2000,67,Shuji Yamanaka,JPN,K1 - Men
2000,68,Eduard Ignatov,RUS,K1 - Men
2000,69,Ola Benemark,SWE,K1 - Men
2000,70,Kai Schultz,RSA,K1 - Men
2000,71,Rogerio Fandhrs,BRA,K1 - Men
2000,72,Ricardo Blassioli,BRA,K1 - Men
2000,73,Alexandros Nikolopoulos,GRE,K1 - Men
2002,1,Grzegorz Polaczyk,POL,K1 - Men
2002,2,Lukas Kubrican,CZE,K1 - Men
2002,3,Daniele Molmenti,ITA,K1 - Men
2002,4,Benoit Lepage,FRA,K1 - Men
2002,5,Andrea Romeo,ITA,K1 - Men
2002,6,Marc Domenjo,ESP,K1 - Men
2002,7,Jure Meglic,SLO,K1 - Men
2002,8,Robert Bouten,NED,K1 - Men
2002,9,Marcel Potocny,SVK,K1 - Men
2002,10,Mikhail Ageenko,RUS,K1 - Men
2002,11,Michal Buchtel,CZE,K1 - Men
2002,12,Erik Pfannmöller,GER,K1 - Men
2002,13,Eric Hurd,USA,K1 - Men
2002,14,Alexander Grimm,GER,K1 - Men
2002,15,Dariusz Popiela,AUT,K1 - Men
2002,16,Pierre Bourliaud,FRA,K1 - Men
2002,17,Stephan Pfeiffer,GER,K1 - Men
2002,18,Andreas Post,GER,K1 - Men
2002,19,Henryk Polaczyk,POL,K1 - Men
2002,20,Pietr Prusak,POL,K1 - Men
2002,21,Camille Bernis,FRA,K1 - Men
2002,22,Nicolas Journot,SUI,K1 - Men
2002,23,Adam Prindis,CZE,K1 - Men
2002,24,Antonio Cadena Sanchez,ESP,K1 - Men
2002,25,Alexander Eplinger,AUT,K1 - Men
2002,26,Jakub Piksa,POL,K1 - Men
2002,27,Sam Lyons,GBR,K1 - Men
2002,28,Marko Albreht,SLO,K1 - Men
2002,29,Aritz Fernandez Aizpuru,ESP,K1 - Men
2002,30,Sebastien Halilou,FRA,K1 - Men
2002,31,William Forsythe,AUS,K1 - Men
2002,32,Erik Ahlmark,SWE,K1 - Men
2002,33,Radovan Sucik,SVK,K1 - Men
2002,34,Dylan Thomson,NZL,K1 - Men
2002,35,Jordan Kvanli,USA,K1 - Men
2002,36,Peter Bilka,SVK,K1 - Men
2002,37,Stefan Kurath,AUT,K1 - Men
2002,38,Shotaro Haneda,JPN,K1 - Men
2002,39,Maris Becers,LAT,K1 - Men
2002,40,Lachlan Vallance,AUS,K1 - Men
2002,41,Tomislav Bosec,CRO,K1 - Men
2002,42,Aynsley Buggy,GBR,K1 - Men
2002,43,Janos Peterlin,SLO,K1 - Men
2002,44,Jindrich Benes,CZE,K1 - Men
2002,45,Ryan Yates,GBR,K1 - Men
2002,46,Enrico Gheno,ITA,K1 - Men
2002,47,Matus Kunhart,SVK,K1 - Men
2002,48,Jasper Fonteijn,NED,K1 - Men
2002,49,Marijn Beije,NED,K1 - Men
2002,50,Iouri Kazatchenik,RUS,K1 - Men
2002,51,Cedric Demarneffe,BEL,K1 - Men
2002,52,Mark Nicholds,AUS,K1 - Men
2002,53,Michael Hollaus,AUT,K1 - Men
2002,54,Aaron Mann,USA,K1 - Men
2002,55,Evguenij Kuzin,RUS,K1 - Men
2002,56,Andrew Marshall,GBR,K1 - Men
2002,57,Alexandre Trajevkine,RUS,K1 - Men
2002,58,Felipe Folpato,BRA,K1 - Men
2002,59,Olivier Machiels,BEL,K1 - Men
2002,60,Michele Ramazza,ITA,K1 - Men
2002,61,Christopher Mctaggart,CAN,K1 - Men
2002,62,Moritz Luscher,SUI,K1 - Men
2002,63,Marjan Petrov,MKD,K1 - Men
2002,64,Jim Wade,USA,K1 - Men
2002,65,Tohru Kanaya,JPN,K1 - Men
2002,66,Guilherme Silveira De Almeida,BRA,K1 - Men
2002,67,"Harry Jr, Vermeulen",NED,K1 - Men
2002,68,Robin Jeffery,AUS,K1 - Men
2002,69,Joao Vitor Machado,BRA,K1 - Men
2002,70,Pekka Veijola,FIN,K1 - Men
2002,71,Oleksiy Torkunov,UKR,K1 - Men
2002,72,Daniel Menton,IRL,K1 - Men
2002,73,Pierre Andre Potelle,BEL,K1 - Men
2002,74,Vaugham Jones,NZL,K1 - Men
2002,75,Artjoms Jefimovs,LAT,K1 - Men
2002,76,Tiago Lincke,BRA,K1 - Men
2002,77,Gregoire Stigler,SUI,K1 - Men
2002,78,Ljubomir Spasik,MKD,K1 - Men
2002,79,Jon Allen,CAN,K1 - Men
2002,80,Gauthier Timermans,BEL,K1 - Men
2002,81,Suguru Sasaki,JPN,K1 - Men
2002,83,Vadym Feschenko,UKR,K1 - Men
2002,84,Tibor Malasic,CRO,K1 - Men
2002,85,Ognen Brazanski,MKD,K1 - Men
2002,86,Derek Beer,CAN,K1 - Men
2002,87,Maksym Iohanisn,UKR,K1 - Men
2002,88,Panagiotis Lakkas,GRE,K1 - Men
2002,89,Ander Diez Lizarribar,ESP,K1 - Men
2002,90,Nejc Visnar,SLO,K1 - Men
2002,91,Bradley Lauder,NZL,K1 - Men
2002,92,Gatis Jurevics,LAT,K1 - Men
2002,92,Marjan Mosjov,MKD,K1 - Men
2002,93,Stephen Quinn,IRL,K1 - Men
2002,94,Vladyslav Korennoi,UKR,K1 - Men
2002,95,Pocevicius Donatas,LTU,K1 - Men
2002,96,Benoit Lienhard,SUI,K1 - Men
2002,97,Izidor Cukovic,CRO,K1 - Men
2002,98,James Simpson,NZL,K1 - Men
2002,99,Mantas Atmanavicius,LTU,K1 - Men
2002,100,Lambros Mourechidis,GRE,K1 - Men
2002,101,Pocevicius Gedeminas,LTU,K1 - Men
2002,102,Tvrtko Hrastar,CRO,K1 - Men
2004,1,Alexander Grimm,GER,K1 - Men
2004,2,Michal Buchtel,CZE,K1 - Men
2004,3,Vavrinec Hradílek,CZE,K1 - Men
2004,4,Boris Neveu,FRA,K1 - Men
2004,5,Simon Artelj,SLO,K1 - Men
2004,6,Kamil Kaniscak,SVK,K1 - Men
2004,7,Michael Guyon,FRA,K1 - Men
2004,8,William Forsythe,AUS,K1 - Men
2004,9,Riccardo De Gennaro,ITA,K1 - Men
2004,10,Michael John Dawson,NZL,K1 - Men
2004,11,Paul Böckelmann,GER,K1 - Men
2004,12,Mateusz Polaczyk,POL,K1 - Men
2004,13,Lubomir Jancek,SVK,K1 - Men
2004,14,Rick Powell,USA,K1 - Men
2004,15,Eric Hurd,USA,K1 - Men
2004,16,Martins Locmelis,LAT,K1 - Men
2004,17,Edward Kay,GBR,K1 - Men
2004,18,Omar Raiba,ITA,K1 - Men
2004,19,Gregor Brovinski,SLO,K1 - Men
2004,20,Henryk Polaczyk,POL,K1 - Men
2004,21,Aaron Osborne,NZL,K1 - Men
2004,22,Willem Theiner,NED,K1 - Men
2004,23,Lukasz Dudzinski,POL,K1 - Men
2004,24,Matus Kunhart,SVK,K1 - Men
2004,25,Samuel Hernanz,FRA,K1 - Men
2004,26,Moritz Luscher,SUI,K1 - Men
2004,27,Domenik Bartsch,GER,K1 - Men
2004,28,Lubos Hilgert,CZE,K1 - Men
2004,29,Yumehiro Hashimoto,JPN,K1 - Men
2004,30,Tohru Kanaya,JPN,K1 - Men
2004,31,Derek Beer,CAN,K1 - Men
2004,32,Suguru Sasaki,JPN,K1 - Men
2004,33,Nathan Stevenson,GBR,K1 - Men
2004,34,Jon Allen,CAN,K1 - Men
2004,35,John Gerstenberger,USA,K1 - Men
2004,36,Paul Manning-Hunter,CAN,K1 - Men
2004,37,Christoph Eplinger,AUT,K1 - Men
2004,38,Lambros Mourechidis,GRE,K1 - Men
2004,39,Matic Lesjak,SLO,K1 - Men
2004,40,Pietro Camporesi,ITA,K1 - Men
2004,41,Daniel Boxwell,IRL,K1 - Men
2004,42,Vadym Feschenko,UKR,K1 - Men
2004,43,Ljubomir Spasik,MKD,K1 - Men
2004,44,Patrik Spathon,SWE,K1 - Men
2004,45,Ognen Brazanski,MKD,K1 - Men
2004,46,Joan Crespo,ESP,K1 - Men
2004,47,Bas Wesselink,NED,K1 - Men
2004,48,Marko Mrkoci,CRO,K1 - Men
2004,49,Marjan Mosjov,MKD,K1 - Men
2004,50,Jakob Grabner,AUT,K1 - Men
2004,51,Michael Hoffmann,NZL,K1 - Men
2004,52,Tibor Malasic,CRO,K1 - Men
2004,53,Miroslav Pavlovic,SCG,K1 - Men
2004,54,Andrew Marshall,GBR,K1 - Men
2004,55,Tiago Castro,POR,K1 - Men
2004,56,Fabio Queiros,POR,K1 - Men
2004,57,Ivan Silva,POR,K1 - Men
2004,58,Gediminas Pocevicius,LTU,K1 - Men
2004,59,Mikel Sarasola,ESP,K1 - Men
2004,60,Tommy Mortberg,SWE,K1 - Men
2004,61,Thomas Godfrey,AUS,K1 - Men
2004,62,Peter Feithofnig,AUT,K1 - Men
2004,63,David Llewellyn,AUS,K1 - Men
2004,64,Niklas Nordgren,SWE,K1 - Men
2004,65,Goran Blazic,CRO,K1 - Men
2004,66,Guillaume Bandelier,SUI,K1 - Men
2004,67,Mantas Atmanavicius,LTU,K1 - Men
2004,68,Feliks Ilyasevych,UKR,K1 - Men
2004,69,Mathieu Bandelier,SUI,K1 - Men
2004,70,Mike Roelofs,NED,K1 - Men
2004,71,Gleb Timchenko,UZB,K1 - Men
2004,72,Justinas Snioka,LTU,K1 - Men
2004,73,Yurig Myagkiy,UZB,K1 - Men
2004,74,Shaun Griffin,RSA,K1 - Men
2004,75,Ali Dandach,LIB,K1 - Men
2004,76,Ivan Myagkiy,UZB,K1 - Men
2004,77,Pavel Talmaci,MDA,K1 - Men
2006,1,Mateusz Polaczyk,POL,K1 - Men
2006,2,Sebastian Schubert,GER,K1 - Men
2006,3,Hannes Aigner,GER,K1 - Men
2006,4,Vít Prindiš,CZE,K1 - Men
2006,5,Jan Vondra,CZE,K1 - Men
2006,6,Jure Poberaj,USA,K1 - Men
2006,7,Lucien Delfour,FRA,K1 - Men
2006,8,Pavel Eigel,RUS,K1 - Men
2006,9,Lukas Kalkbrenner,GER,K1 - Men
2006,10,Benoît Guillaume,FRA,K1 - Men
2006,11,Omar Raiba,ITA,K1 - Men
2006,12,Jan Jancek,SVK,K1 - Men
2006,13,Quentin Bove,FRA,K1 - Men
2006,14,Joan Crespo,ESP,K1 - Men
2006,15,Simon Artelj,SLO,K1 - Men
2006,16,John Gerstenberger,USA,K1 - Men
2006,17,Tomas Ontko,SVK,K1 - Men
2006,18,Tomas Maslanak,CZE,K1 - Men
2006,19,Martins Locmelis,LAT,K1 - Men
2006,20,Evgenij Doronin,RUS,K1 - Men
2006,21,Phillip Gibbins,AUS,K1 - Men
2006,22,Rick Powell,USA,K1 - Men
2006,23,Josep Salsa,ESP,K1 - Men
2006,24,Kazuki Yazawa,JPN,K1 - Men
2006,25,Adrien Chabbey,SUI,K1 - Men
2006,26,Gregor Brovinski,SLO,K1 - Men
2006,27,Lukas Mayr,ITA,K1 - Men
2006,28,Jakub Chojnowski,POL,K1 - Men
2006,29,Bas Wesselink,NED,K1 - Men
2006,30,Phillip Mingerulli,AUS,K1 - Men
2006,31,Lukasz Polaczyk,POL,K1 - Men
2006,32,Guillaume Bandelier,SUI,K1 - Men
2006,33,Matic Lesjak,SLO,K1 - Men
2006,34,Marko Mrkoci,CRO,K1 - Men
2006,35,Anton Lippek,GBR,K1 - Men
2006,36,Dalibor Bozinov,MKD,K1 - Men
2006,37,Saeki Hashimoto,JPN,K1 - Men
2006,38,Jakob Grabner,AUT,K1 - Men
2006,39,Daniel Boxwell,IRL,K1 - Men
2006,40,Paul Manning-Hunter,CAN,K1 - Men
2006,41,Taku Yoshida,JPN,K1 - Men
2006,42,Ricardo Martins Taques,BRA,K1 - Men
2006,43,Viliam Sabol,SVK,K1 - Men
2006,44,Johnathan Akinyemi,GBR,K1 - Men
2006,45,Patrik Spathon,SWE,K1 - Men
2006,46,Babacar Daoust-Cisse,CAN,K1 - Men
2006,47,Toby Jones,GBR,K1 - Men
2006,48,Robin Wyss,SUI,K1 - Men
2006,49,Ivan Vendemiatti,BRA,K1 - Men
2006,50,Christopher Atkinson,NZL,K1 - Men
2006,51,Manuele Costa,ITA,K1 - Men
2006,52,Eric Gurden,NZL,K1 - Men
2006,53,Isak Öhrström,SWE,K1 - Men
2006,54,Alberto Canedo Fernandez,ESP,K1 - Men
2006,55,Thomas Murray,NZL,K1 - Men
2006,56,Ben Hayward,CAN,K1 - Men
2006,57,Miroslav Pavlovic,SCG,K1 - Men
2006,58,Frederik Wahlen,SWE,K1 - Men
2006,59,Amir Aganovic,CRO,K1 - Men
2006,60,Mike Roelofs,NED,K1 - Men
2006,61,Predrag Pavlovic,SCG,K1 - Men
2006,62,Filip Karamarko,CRO,K1 - Men
2006,63,Vadym Tkachenko,UKR,K1 - Men
2006,64,Michael Watson,RSA,K1 - Men
2006,65,Marios Kaltsis,GRE,K1 - Men
2006,66,Nicolas Germay,BEL,K1 - Men
2006,67,Kristijan Kalinov,MKD,K1 - Men
2006,68,Dominik Scherwitzl,AUT,K1 - Men
2006,69,Xenofon Heimonas,GRE,K1 - Men
2006,70,Martynas Masys,LTU,K1 - Men
2006,71,Dominik Veigl,AUT,K1 - Men
2006,72,Ianis Fourneau,BEL,K1 - Men
2006,73,Uldis Laidins,LAT,K1 - Men
2006,74,Pavel Kuzmin,KAZ,K1 - Men
2006,75,Vytenis Licus,LTU,K1 - Men
2006,76,Veselin Nasufovic,SCG,K1 - Men
2006,77,Adis Sarganovic,BIH,K1 - Men
2006,78,Ben Jones,AUS,K1 - Men
2006,79,Jain Rennie,RSA,K1 - Men
2006,80,Stavros Kostoulas-Karakatsanis,GRE,K1 - Men
2006,81,Ivan Novikov,KAZ,K1 - Men
2006,82,Laurynas Usas,LTU,K1 - Men
2006,83,Ajrula Jakupi,MKD,K1 - Men
2006,84,Darko Savic,BIH,K1 - Men
2006,85,Sasa Babic,BIH,K1 - Men
2006,86,Abdulah Maohamad Akma,MAS,K1 - Men
2006,87,Amine Ben Chelbi,TUN,K1 - Men
2008,1,Martin Halcin,SVK,K1 - Men
2008,2,Martin Albreht,SLO,K1 - Men
2008,3,Benjamin Renia,FRA,K1 - Men
2008,4,Tomas Maslanak,CZE,K1 - Men
2008,5,Jinbin Xian,CHN,K1 - Men
2008,6,Sebastian Hitz,GER,K1 - Men
2008,7,Rafal Polaczyk,POL,K1 - Men
2008,8,Martin Dougoud,SUI,K1 - Men
2008,9,Isak Öhrström,SWE,K1 - Men
2008,10,Kirill Puzanov,RUS,K1 - Men
2008,11,Janez Kastelic,SLO,K1 - Men
2008,12,Thomas Brady,GBR,K1 - Men
2008,13,Alberto Diez-Canedo,ESP,K1 - Men
2008,14,Vivien Colober,FRA,K1 - Men
2008,15,Giovanni De Gennaro,ITA,K1 - Men
2008,16,Jiri Dupal,CZE,K1 - Men
2008,17,Michal Barta,SVK,K1 - Men
2008,18,Pavel Eigel,RUS,K1 - Men
2008,19,Ales Jablascek,SLO,K1 - Men
2008,20,Francois St.Aubin-Migneault,CAN,K1 - Men
2008,21,Ekhi Diez,ESP,K1 - Men
2008,22,Ondrej Tunka,CZE,K1 - Men
2008,23,Lukas Werro,SUI,K1 - Men
2008,24,Maarten Hermans,NED,K1 - Men
2008,25,Chrystian Polchlopek,POL,K1 - Men
2008,26,Callum Gibb,NZL,K1 - Men
2008,27,Denis Korpachev,RUS,K1 - Men
2008,28,Kazuya Adachi,JPN,K1 - Men
2008,29,Zachary Franklin,GBR,K1 - Men
2008,30,Michal Smolen,USA,K1 - Men
2008,31,Zeno Ivaldi,ITA,K1 - Men
2008,32,Konstantin Kremslehner,AUT,K1 - Men
2008,33,Igor Tsviet,UKR,K1 - Men
2008,34,Michal Pasiut,POL,K1 - Men
2008,35,Thomas Rosset,FRA,K1 - Men
2008,36,Malte Neumann,GER,K1 - Men
2008,37,Luca Colazingari,ITA,K1 - Men
2008,38,Joshua Kippin,AUS,K1 - Men
2008,39,Joey Croft,AUS,K1 - Men
2008,40,Jean-Patrick Blanchette,CAN,K1 - Men
2008,41,Xuban Portos,ESP,K1 - Men
2008,42,Craig Von Schultheiss,SUI,K1 - Men
2008,43,Filip Machaj,SVK,K1 - Men
2008,44,Ben Horlyck,AUS,K1 - Men
2008,45,Frans Lakerveld,NED,K1 - Men
2008,46,Mykhaylo Sereda,UKR,K1 - Men
2008,47,Ritvars Celmins,LAT,K1 - Men
2008,48,Stijn Leenders,NED,K1 - Men
2008,49,Bram Peeters,BEL,K1 - Men
2008,50,Clemens Possing,AUT,K1 - Men
2008,51,Predrag Pavlovic,SRB,K1 - Men
2008,52,Calurn Brash,NZL,K1 - Men
2008,53,Stein Beals,USA,K1 - Men
2008,54,Axel Sleebus,BEL,K1 - Men
2008,55,Yutao Huang,CHN,K1 - Men
2008,56,Lucas Palko-Schraa,USA,K1 - Men
2008,57,Ioannins Patronas,GRE,K1 - Men
2008,58,Ianis Fourneau,BEL,K1 - Men
2008,59,Darko Savic,BIH,K1 - Men
2008,60,Brace Shaw,CAN,K1 - Men
2008,61,Igor Stefanovski,MKD,K1 - Men
2008,62,Nikolaos Agorou,GRE,K1 - Men
2008,63,Tobias Mannheim,GER,K1 - Men
2008,64,Igor Polinskkyy,UKR,K1 - Men
2008,65,Povilas Atmanavicius,LTU,K1 - Men
2008,66,Malcom Gibson,NZL,K1 - Men
2008,67,Tatsuho Yamada,JPN,K1 - Men
2008,68,Matias Cordero,ARG,K1 - Men
2008,69,Stefan Ivankovic,BIH,K1 - Men
2008,70,Maryan Babunsko,MKD,K1 - Men
2008,71,Andrius Kmieliauskas,LTU,K1 - Men
2008,72,Niki Hinzatko,AUT,K1 - Men
2008,73,Vitali Kliapatski,BLR,K1 - Men
2008,74,Mikuss Petersons,LAT,K1 - Men
2008,75,Toby Jones,GBR,K1 - Men
2008,76,Dimitrios Lakkas,GRE,K1 - Men
2008,77,Luka Tomasevic,BIH,K1 - Men
2008,78,Borche Mircevski,MKD,K1 - Men
2008,79,Kenji Shigihara,JPN,K1 - Men
2008,80,Laurynas Usas,LTU,K1 - Men
2008,81,Andrei Prazetski,BLR,K1 - Men
2010,1,Giovanni De Gennaro,ITA,K1 - Men
2010,2,Simon Brus,SLO,K1 - Men
2010,3,Zeno Ivaldi,ITA,K1 - Men
2010,4,Michal Smolen,USA,K1 - Men
2010,5,Quentin Burgi,FRA,K1 - Men
2010,6,Lorenzo Veronesi,ITA,K1 - Men
2010,7,Laurenz Laugwitz,GER,K1 - Men
2010,8,Ondrej Cvikl,CZE,K1 - Men
2010,9,Quentin De Fierville,FRA,K1 - Men
2010,10,Maarten Hermans,NED,K1 - Men
2010,11,Jirí Prskavec,CZE,K1 - Men
2010,12,Pedro Gonçalves,BRA,K1 - Men
2010,13,Michael Tayler,CAN,K1 - Men
2010,14,Rafal Polaczyk,POL,K1 - Men
2010,15,Fabian Schweikert,GER,K1 - Men
2010,16,David Bain,GBR,K1 - Men
2010,17,Fabian Schüssler,GER,K1 - Men
2010,18,Maciej Okreglak,POL,K1 - Men
2010,19,Miroslav Urban,SVK,K1 - Men
2010,20,Pau Ganyet,ESP,K1 - Men
2010,21,Damian Piszczynski,POL,K1 - Men
2010,22,Nejc Rusjan,SLO,K1 - Men
2010,23,Callum Gibb,NZL,K1 - Men
2010,24,Ciaran Lee Edwards,GBR,K1 - Men
2010,25,Jaroslav Strnad,CZE,K1 - Men
2010,26,Andrej Malek,SVK,K1 - Men
2010,27,Matej Poljanec,SLO,K1 - Men
2010,28,Vladislav Panin,RUS,K1 - Men
2010,29,Artem Shim,RUS,K1 - Men
2010,30,Joseph Clarke,GBR,K1 - Men
2010,31,Xabier Jauregi,ESP,K1 - Men
2010,32,Felix Kutscha-Lissberg,AUT,K1 - Men
2010,33,Ya Tan,CHN,K1 - Men
2010,34,Andrew Eckhardt,AUS,K1 - Men
2010,35,Charles Fernando Correa,BRA,K1 - Men
2010,36,Anderson Dos Santos,BRA,K1 - Men
2010,37,Carl Whithead,NZL,K1 - Men
2010,38,George Meysner,SUI,K1 - Men
2010,39,Andreas Langer,AUT,K1 - Men
2010,40,Bryan Seiler,FRA,K1 - Men
2010,41,Peter Lutter,USA,K1 - Men
2010,42,Max-Emile Petitclerc,CAN,K1 - Men
2010,43,Manuel Töplitzer,AUT,K1 - Men
2010,44,Sebastain Ewing,AUS,K1 - Men
2010,45,Patxi Ugalde,ESP,K1 - Men
2010,46,Malcom Gibson,NZL,K1 - Men
2010,47,Koyuta Misawa,JPN,K1 - Men
2010,48,Timothy Anderson,AUS,K1 - Men
2010,49,Rodrigo Magalhaes,POR,K1 - Men
2010,50,Igor Stefanovski,MKD,K1 - Men
2010,51,Simon Ranagan,USA,K1 - Men
2010,52,Martin Janata,SVK,K1 - Men
2010,53,Yutaro Saeki,JPN,K1 - Men
2010,54,Predrag Pavlovic,SRB,K1 - Men
2010,55,Jianyi Su,CHN,K1 - Men
2010,56,Louis Bandelier,SUI,K1 - Men
2010,57,Tatsuya Morita,JPN,K1 - Men
2010,58,Benoit Dubath,SUI,K1 - Men
2010,59,Marnick Van Veghel,NED,K1 - Men
2010,60,Tao Yuan,CHN,K1 - Men
2010,61,Adrian Cole,CAN,K1 - Men
2010,62,Dirk Hermans,NED,K1 - Men
2010,63,Facundo Gancedo,ARG,K1 - Men
2010,64,Andras Straub,HUN,K1 - Men
2010,65,Simantas Mazeikis,LTU,K1 - Men
2010,66,Sebastian Contreras,ARG,K1 - Men
2010,67,Shane Harkin,IRL,K1 - Men
2010,68,Anil Acar,TUR,K1 - Men
2010,69,Katleho Success Mashlaba,RSA,K1 - Men
2010,70,Villius Rasimavicius,LTU,K1 - Men
2010,71,Vytenis Latauska,LTU,K1 - Men
2010,72,Paul Henry,IRL,K1 - Men
2010,73,Donovan Wewege,RSA,K1 - Men
2010,74,Burak Yilmaz,TUR,K1 - Men
2012,1,Miroslav Urban,SVK,K1 - Men
2012,2,Tom Scianimanico,FRA,K1 - Men
2012,3,Jakub Grigar,SVK,K1 - Men
2012,4,Vid Karner,SLO,K1 - Men
2012,5,Ondrej Hosek,CZE,K1 - Men
2012,6,Michael Wilson,GBR,K1 - Men
2012,7,Samuel Hegge,GER,K1 - Men
2012,8,Daniel Watkins,AUS,K1 - Men
2012,9,Martin Srabotnik,SLO,K1 - Men
2012,10,Janis Dubsky,SUI,K1 - Men
2012,11,Nikita Gubenko,RUS,K1 - Men
2012,12,Mathieu Desnos,FRA,K1 - Men
2012,13,Manuel Munsch,SUI,K1 - Men
2012,14,Bradley Forbes-Cryans,GBR,K1 - Men
2012,15,Cole O'Connor-Stratton,NZL,K1 - Men
2012,16,Timothy Anderson,AUS,K1 - Men
2012,17,Guilherme Marcello Mapelli,BRA,K1 - Men
2012,18,Bartosz Debowski,POL,K1 - Men
2012,19,Bernat Lavaquiol,ESP,K1 - Men
2012,20,Yutaro Saeki,JPN,K1 - Men
2012,21,Finn Butcher,NZL,K1 - Men
2012,22,Matous Bahensky,CZE,K1 - Men
2012,23,Andrej Malek,SVK,K1 - Men
2012,24,Eryk Lejmel,POL,K1 - Men
2012,25,Cully Brown,USA,K1 - Men
2012,26,Dirk Hermans,NED,K1 - Men
2012,27,Struan Mcdonald,GBR,K1 - Men
2012,28,Pawel Peszelewski,POL,K1 - Men
2012,29,Donovan Wewege,RSA,K1 - Men
2012,30,Ryley Penner,CAN,K1 - Men
2012,31,Andrew Eckhardt,AUS,K1 - Men
2012,32,Timon Lutz,GER,K1 - Men
2012,33,Petr Bincik,CZE,K1 - Men
2012,34,Niek Hendriks,NED,K1 - Men
2012,35,Rok Markocic,SLO,K1 - Men
2012,36,Takashi Ogura,JPN,K1 - Men
2012,37,Gerome Martin,SUI,K1 - Men
2012,38,Stefan Hengst,GER,K1 - Men
2012,39,Cole Moore,USA,K1 - Men
2012,40,Michael Rudnitski,USA,K1 - Men
2012,41,Geoffrey Johnson,NZL,K1 - Men
2012,42,Sebastian Contreras,ARG,K1 - Men
2012,43,Cade Ryan,IRL,K1 - Men
2012,44,Levi Severtson,CAN,K1 - Men
2012,45,Samuel Primeau,CAN,K1 - Men
2012,46,Eoin Teague,IRL,K1 - Men
2012,47,Oisin Farrell,IRL,K1 - Men
2012,48,Takanori Uehara,JPN,K1 - Men
2013,1,Jakub Grigar,SVK,K1 - Men
2013,2,Andrej Malek,SVK,K1 - Men
2013,3,Bastien Damiens,FRA,K1 - Men
2013,4,Bradley Forbes-Cryans,GBR,K1 - Men
2013,5,Peter Blasbalg,SVK,K1 - Men
2013,6,Eryk Lejmel,POL,K1 - Men
2013,7,Ondrej Hosek,CZE,K1 - Men
2013,8,Mathys Huvelin,FRA,K1 - Men
2013,9,Vid Kuder Marusic,SLO,K1 - Men
2013,10,David Franke,GER,K1 - Men
2013,11,Vid Karner,SLO,K1 - Men
2013,12,Daniel Watkins,AUS,K1 - Men
2013,13,Hynek Pechlat,CZE,K1 - Men
2013,14,Erik Holmer,SWE,K1 - Men
2013,15,Aleksandr Nepogodin,RUS,K1 - Men
2013,16,Finn Butcher,NZL,K1 - Men
2013,17,Mario Leitner,AUT,K1 - Men
2013,18,Martin Srabotnik,SLO,K1 - Men
2013,19,Song Huang,CHN,K1 - Men
2013,20,Cole Moore,USA,K1 - Men
2013,21,Angus Thompson,AUS,K1 - Men
2013,22,Jordi Cadena Sanchez,ESP,K1 - Men
2013,23,Bartosz Debowski,POL,K1 - Men
2013,24,Kacper Cwik,POL,K1 - Men
2013,25,Dirk Hermans,NED,K1 - Men
2013,26,Jan Zvolanek,CZE,K1 - Men
2013,27,Zachary Allin,GBR,K1 - Men
2013,28,Nikita Kazantcev,RUS,K1 - Men
2013,29,Nikita Inkin,RUS,K1 - Men
2013,30,Hengtong Zhang,CHN,K1 - Men
2013,31,Enzo Seker,TUR,K1 - Men
2013,32,Felix Merklein,GER,K1 - Men
2013,33,Unai Nabaskues Lasheras,ESP,K1 - Men
2013,34,Callum Gilbert,NZL,K1 - Men
2013,35,Manuel Munsch,SUI,K1 - Men
2013,36,Quentin Mignard,FRA,K1 - Men
2013,37,Matthias Weger,ITA,K1 - Men
2013,38,Austin Barker,GBR,K1 - Men
2013,39,Leo Bolg,GER,K1 - Men
2013,40,Davide Del Tin,ITA,K1 - Men
2013,41,Leon Bosma,NED,K1 - Men
2013,42,Michael Rudnitski,USA,K1 - Men
2013,43,Haoran Zhu,CHN,K1 - Men
2013,44,Stann Savels,BEL,K1 - Men
2013,45,Marnix Teunissen,NED,K1 - Men
2013,46,Ludwig Andersson,SWE,K1 - Men
2013,47,Marcello Beda,ITA,K1 - Men
2013,48,Kostiantyn Rudenko,UKR,K1 - Men
2013,49,Ren Korpes,CRO,K1 - Men
2013,50,Ryley Penner,CAN,K1 - Men
2013,51,Samuel Stanovsky,LAT,K1 - Men
2013,52,Shuhei Urano,JPN,K1 - Men
2013,53,Igor Gnidenko,UKR,K1 - Men
2013,54,Brodie Crawford,AUS,K1 - Men
2013,55,Juan Martinez,ESP,K1 - Men
2013,56,Simantas Mazeikis,LTU,K1 - Men
2013,57,Suworna Puri,NEP,K1 - Men
2013,58,Spencer Huff,USA,K1 - Men
2013,59,Matthew Arnott,NZL,K1 - Men
2013,60,Ruslan Pestov,UKR,K1 - Men
2013,61,Samuel Primeau,CAN,K1 - Men
2013,62,Shao-Hsuan Wu,TPE,K1 - Men
2013,63,Maxime Leboeuf,CAN,K1 - Men
2013,64,Takashi Ogura,JPN,K1 - Men
2013,65,Cade Ryan,IRL,K1 - Men
2013,66,Paulius Popiera,LTU,K1 - Men
2013,67,Dimitar Velkov,MKD,K1 - Men
2013,68,Evripidis Zisekas,GRE,K1 - Men
2013,69,Daichi Kojima,JPN,K1 - Men
2013,70,Alexander Zlatarov,MKD,K1 - Men
2013,71,Brandon Orpwood,RSA,K1 - Men
2013,72,Nicolas Vuille,SUI,K1 - Men
2013,73,Arno Zarn,SUI,K1 - Men
2013,74,Eoin Teague,IRL,K1 - Men
2013,75,Oisin Farrell,IRL,K1 - Men
2013,76,Artsem Shyshko,BLR,K1 - Men
2013,77,Vili Jordanov,MKD,K1 - Men
2013,78,Ognjen Dimitrijevic,SRB,K1 - Men
2013,79,Ariel Moran,ARG,K1 - Men
2013,80,Damian Kukec,CRO,K1 - Men
2013,81,Aivaras Goncarovas,LTU,K1 - Men
2013,82,Faik Kopuz,TUR,K1 - Men
2014,1,Mario Leitner,AUT,K1 - Men
2014,2,Vid Kuder Marusic,SLO,K1 - Men
2014,3,Jakub Grigar,SVK,K1 - Men
2014,4,Niko Testen,SLO,K1 - Men
2014,5,Mathurin Madoré,FRA,K1 - Men
2014,6,Richard Macus,SVK,K1 - Men
2014,7,Leo Bolg,GER,K1 - Men
2014,8,Callum Gilbert,NZL,K1 - Men
2014,9,Zachary Allin,GBR,K1 - Men
2014,10,Angus Thompson,AUS,K1 - Men
2014,11,Jakub Stanovsky,SVK,K1 - Men
2014,12,Tomas Rousek,CZE,K1 - Men
2014,13,Pol Oulhen,FRA,K1 - Men
2014,14,David Llorente,ESP,K1 - Men
2014,15,Petr Sodek,CZE,K1 - Men
2014,16,Unai Nabaskues Lasheras,ESP,K1 - Men
2014,17,Jordi Cadena Sanchez,ESP,K1 - Men
2014,18,Alex Hawthorne,NZL,K1 - Men
2014,19,Samuel Stanovsky,LAT,K1 - Men
2014,20,Jakub Brzezinski,POL,K1 - Men
2014,21,Vid Karner,SLO,K1 - Men
2014,22,Song Huang,CHN,K1 - Men
2014,23,Ryley Penner,CAN,K1 - Men
2014,24,Zachary Zwanenburg,CAN,K1 - Men
2014,25,Felipa Almeida,BRA,K1 - Men
2014,26,Christopher Bowers,GBR,K1 - Men
2014,27,Tyler Smith,USA,K1 - Men
2014,28,Theodore Pepper,NZL,K1 - Men
2014,29,Tyler Westfall,USA,K1 - Men
2014,30,Brandon Orpwood,RSA,K1 - Men
2014,31,Chun-Hsien Chang,TPE,K1 - Men
2014,32,Lachlan Croft,AUS,K1 - Men
2014,33,Gelindo Chiarello,SUI,K1 - Men
2014,34,Maxime Leboeuf,CAN,K1 - Men
2014,35,Shao-Hsuan Wu,TPE,K1 - Men
2014,36,Ursin Flepp,SUI,K1 - Men
2014,37,Kacper Cwik,POL,K1 - Men
2014,38,Jordan Sherman,USA,K1 - Men
2014,39,Geronimo Cortez,ARG,K1 - Men
2014,40,Pavel Supolik,CZE,K1 - Men
2014,41,Arno Zarn,SUI,K1 - Men
2014,42,Ryota Morita,JPN,K1 - Men
2014,43,Tristan Carter,AUS,K1 - Men
2014,44,Daniel Tuiraviravi,FIJ,K1 - Men
2014,45,Rattanajet Chooampai,THA,K1 - Men
2014,46,Tarik Tugcu,TUR,K1 - Men
2014,47,Sami Rocher,FRA,K1 - Men
2014,48,Austin Barker,GBR,K1 - Men
2014,49,Ryo Yamamoto,JPN,K1 - Men
2014,50,Korawit Sukjaeng,THA,K1 - Men
2014,51,Angelo Sosa,VEN,K1 - Men
2015,1,Jakub Grigar,SVK,K1 - Men
2015,2,Malo Quemeneur,FRA,K1 - Men
2015,3,Thomas Strauss,GER,K1 - Men
2015,4,Samuel Stanovsky,SVK,K1 - Men
2015,5,Alexandr Maikranz,CZE,K1 - Men
2015,6,Christopher Bowers,GBR,K1 - Men
2015,7,Tomas Zima,CZE,K1 - Men
2015,8,Richard Macus,SVK,K1 - Men
2015,9,Nikita Inkin,RUS,K1 - Men
2015,10,Jordi Cadena Sanchez,ESP,K1 - Men
2015,11,Lukas Stahl,GER,K1 - Men
2015,12,Mario Leitner,AUT,K1 - Men
2015,13,Jack Dangen,NZL,K1 - Men
2015,14,Gelindo Chiarello,SUI,K1 - Men
2015,15,James Cooper,GBR,K1 - Men
2015,16,Pierre Hellard,FRA,K1 - Men
2015,17,Felix Oschmautz,AUT,K1 - Men
2015,18,Dimitri Marx,SUI,K1 - Men
2015,19,Wiktor Sandera,POL,K1 - Men
2015,20,Niko Testen,SLO,K1 - Men
2015,21,Pavel Supolik,CZE,K1 - Men
2015,22,Krzysztof Majerczak,POL,K1 - Men
2015,23,Guillaume Graille,FRA,K1 - Men
2015,24,Geronimo Cortez,ARG,K1 - Men
2015,25,Eneko Auzmendi,ESP,K1 - Men
2015,26,Zack Mutton,NZL,K1 - Men
2015,27,Nil Garcia,ESP,K1 - Men
2015,28,Samuel Mcculloch,NZL,K1 - Men
2015,29,Tyler Smith,USA,K1 - Men
2015,30,Jordan Sherman,USA,K1 - Men
2015,31,Matias Contreras,ARG,K1 - Men
2015,32,Zachary Allin,GBR,K1 - Men
2015,33,Luca Cizman,SLO,K1 - Men
2015,34,Angus Thompson,AUS,K1 - Men
2015,35,Noel Hendrick,IRL,K1 - Men
2015,36,Jakob Weger,ITA,K1 - Men
2015,37,Tine Kancler,SLO,K1 - Men
2015,38,Guilherme Schena Dias Rodrigues,BRA,K1 - Men
2015,39,Jakub Brzezinski,POL,K1 - Men
2015,40,Daniel Tuiraviravi,FIJ,K1 - Men
2015,41,Brandon Orpwood,RSA,K1 - Men
2015,42,Guilherme Henrique Valentim De Loredo,BRA,K1 - Men
2015,43,Ursin Flepp,SUI,K1 - Men
2015,44,Gokul Flageul,NEP,K1 - Men
2015,45,Henry Bergen,USA,K1 - Men
2015,46,Alistair Mccreery,IRL,K1 - Men
2015,47,Andrew Musgrave,CAN,K1 - Men
2015,48,Ryota Morita,JPN,K1 - Men
2015,49,Maxime Leboeuf,CAN,K1 - Men
2015,50,Martin Gutierez Alias,ARG,K1 - Men
2015,51,Daniel Negrao Carrasco,BRA,K1 - Men
2015,52,Korawit Sukjaeng,THA,K1 - Men
2015,53,Tristan Carter,AUS,K1 - Men
2015,54,Alejandro Tames,MEX,K1 - Men
2015,55,Rattanajet Chooampai,THA,K1 - Men
2015,56,Jake Hodkinson,AUS,K1 - Men
2015,57,Tauan Vitor Chechi Lemes,PAR,K1 - Men
2015,58,Manuel Henriquez,CHI,K1 - Men
2015,59,Fernando Estay,CHI,K1 - Men
2015,60,Darius Ramrattan,CAN,K1 - Men
2015,61,Angelo Sosa,VEN,K1 - Men
2015,62,Darko Sandoval,CHI,K1 - Men
2016,1,Ruslan Pestov,UKR,K1 - Men
2016,2,Felix Oschmautz,AUT,K1 - Men
2016,3,Wiktor Sandera,POL,K1 - Men
2016,4,Thomas Strauss,GER,K1 - Men
2016,5,Radoslav Miko,SVK,K1 - Men
2016,6,Thomas Durand,FRA,K1 - Men
2016,7,Paul Cornut-Chauvinc,FRA,K1 - Men
2016,8,Jan Mrazek,CZE,K1 - Men
2016,9,Adam Gonsenica,SVK,K1 - Men
2016,10,Jakob Weger,ITA,K1 - Men
2016,11,Tine Kancler,SLO,K1 - Men
2016,12,Christopher Bowers,GBR,K1 - Men
2016,13,Guilherme Rodrigues,BRA,K1 - Men
2016,14,Lukas Stahl,GER,K1 - Men
2016,15,Vilem Korinek,CZE,K1 - Men
2016,16,Manuel Ochoa,ESP,K1 - Men
2016,17,Noah Hegge,GER,K1 - Men
2016,18,Piers Oliphant,GBR,K1 - Men
2016,19,Zack Mutton,NZL,K1 - Men
2016,20,Jakob Jez,SLO,K1 - Men
2016,21,Marcin Janur,POL,K1 - Men
2016,22,Mathis Soudi,MAR,K1 - Men
2016,23,Matias Contreras,ARG,K1 - Men
2016,24,Callum Aitken,NZL,K1 - Men
2016,25,Alexander Savitskiy,RUS,K1 - Men
2016,26,Panagiotis Zisekas,GRE,K1 - Men
2016,27,David Rozman,SLO,K1 - Men
2016,28,Martin Unterthurner,ITA,K1 - Men
2016,29,Igor Izyumov,RUS,K1 - Men
2016,30,Oliver Gilbert,GBR,K1 - Men
2016,31,Martin Gutierez Alias,ARG,K1 - Men
2016,32,Tomas Zima,CZE,K1 - Men
2016,33,Samuel Stanovsky,SVK,K1 - Men
2016,34,Malo Quemeneur,FRA,K1 - Men
2016,35,Dimitri Marx,SUI,K1 - Men
2016,36,Nil Garcia,ESP,K1 - Men
2016,37,Valentin Luther,ITA,K1 - Men
2016,38,Masaya Takiguchi,JPN,K1 - Men
2016,39,Luca Santos,POR,K1 - Men
2016,40,Mihael Loncar,CRO,K1 - Men
2016,41,Tristan Carter,AUS,K1 - Men
2016,42,Timothy Coward,AUS,K1 - Men
2016,43,Tyler Smith,USA,K1 - Men
2016,44,Jan Rohrer,SUI,K1 - Men
2016,45,Louis Richardson,AUS,K1 - Men
2016,46,Frederico Alvarenga,POR,K1 - Men
2016,47,Dmitry Labasov,RUS,K1 - Men
2016,48,Joshua Joseph,USA,K1 - Men
2016,49,Yusuke Muto,JPN,K1 - Men
2016,50,Ryota Morita,JPN,K1 - Men
2016,51,Alexandre Magalhaes,POR,K1 - Men
2016,52,Daniel Negrao Carrasco,BRA,K1 - Men
2016,53,Ami Sehic,CRO,K1 - Men
2016,54,Djanibek Temirgaliev,UZB,K1 - Men
2016,55,Enis Nebiovski,MKD,K1 - Men
2016,56,Sean Ansell,IRL,K1 - Men
2016,57,Keenan Simpson,CAN,K1 - Men
2016,58,Ramil Kirpichev,UZB,K1 - Men
2016,59,Trevor Boyd,CAN,K1 - Men
2016,60,Julian Ercoli,ARG,K1 - Men
2016,61,Koppany Racz,HUN,K1 - Men
2016,62,Nodirbek Ganiev,UZB,K1 - Men
2016,63,Jakub Brzezinski,POL,K1 - Men
2016,64,Murilo Sorgetz,BRA,K1 - Men
2016,65,Eneko Auzmendi,ESP,K1 - Men
2016,66,Artem Zamyslov,UKR,K1 - Men
2016,67,Cian Vaugh,IRL,K1 - Men
2016,68,Taylor Pittman,USA,K1 - Men
2016,69,Daniel Tuiraviravi,FIJ,K1 - Men
2016,70,Kriss Melnikonis,LAT,K1 - Men
2016,71,Luka Vragovic,CRO,K1 - Men
2016,72,Paitas Ngamsanga,THA,K1 - Men
2016,73,Matas Varslavenas,LTU,K1 - Men
2016,74,Conieth Mlarnon,IRL,K1 - Men
2016,75,Austin Widmer,SUI,K1 - Men
2016,76,Edvinas Turcinavicius,LTU,K1 - Men
2016,77,Vidar Bratt,SWE,K1 - Men
2016,78,Elias Bergseth Aaboen,NOR,K1 - Men
2016,79,Sheamus O'Connell,CAN,K1 - Men
2016,80,Sarunas Mickevicus,LTU,K1 - Men
2017,1,Felix Oschmautz,AUT,K1 - Men
2017,2,Tomas Zima,CZE,K1 - Men
2017,3,Jan Barta,CZE,K1 - Men
2017,4,Lukas Stahl,GER,K1 - Men
2017,4,Tine Kancler,SLO,K1 - Men
2017,6,Adam Gonsenica,SVK,K1 - Men
2017,7,Tommaso Fasoli,ITA,K1 - Men
2017,8,Zack Mutton,NZL,K1 - Men
2017,9,Tyler Smith,USA,K1 - Men
2017,10,Joshua Joseph,USA,K1 - Men
2017,11,Isaac Dufrene,FRA,K1 - Men
2017,12,Simon Hene,FRA,K1 - Men
2017,13,Pau Echaniz,ESP,K1 - Men
2017,14,Miquel Trave,ESP,K1 - Men
2017,15,Davide Ghisetti,ITA,K1 - Men
2017,16,Mathis Soudi,MAR,K1 - Men
2017,17,Yusuke Muto,JPN,K1 - Men
2017,18,Dmitry Labasov,RUS,K1 - Men
2017,19,David Paterson,GBR,K1 - Men
2017,20,Valentin Luther,ITA,K1 - Men
2017,21,Marcin Janur,POL,K1 - Men
2017,22,Jan Rohrer,SUI,K1 - Men
2017,23,Noah Hegge,GER,K1 - Men
2017,24,Taylor Pittman,USA,K1 - Men
2017,25,Lan Tominc,SLO,K1 - Men
2017,26,Josef Zizala,CZE,K1 - Men
2017,27,Matej Pasek,SVK,K1 - Men
2017,28,Eneko Auzmendi,ESP,K1 - Men
2017,29,Patrik Juricek,SVK,K1 - Men
2017,30,Guilherme Rodrigues,BRA,K1 - Men
2017,31,Louis Richardson,AUS,K1 - Men
2017,32,Mathias Reutimann,SUI,K1 - Men
2017,33,Mustafa Arda Acar,TUR,K1 - Men
2017,34,Julien Pajaud,FRA,K1 - Men
2017,35,Djanibek Temirgaliev,UZB,K1 - Men
2017,36,David Rozman,SLO,K1 - Men
2017,37,Etienne Chappell,GBR,K1 - Men
2017,38,Michael Dickinson,GBR,K1 - Men
2017,39,Luca Santos,POR,K1 - Men
2017,40,Luka Vragovic,CRO,K1 - Men
2017,41,Andrei Pospelov,RUS,K1 - Men
2017,42,Keenan Simpson,CAN,K1 - Men
2017,43,Louis Hannon,IRL,K1 - Men
2017,44,Callum Aitken,NZL,K1 - Men
2017,45,Janosch Unseld,GER,K1 - Men
2017,46,Jimmi Ly,SUI,K1 - Men
2017,47,Alexandre Magalhaes,POR,K1 - Men
2017,48,Kriss Melnikonis,LAT,K1 - Men
2017,49,Jose Carvalho,POR,K1 - Men
2017,50,Martin Gutierez Alias,ARG,K1 - Men
2017,51,Ami Sehic,CRO,K1 - Men
2017,52,Masaya Takiguchi,JPN,K1 - Men
2017,53,Julian Ercoli,ARG,K1 - Men
2017,54,Kosuke Saito,JPN,K1 - Men
2017,55,Mael Rivard,CAN,K1 - Men
2017,56,Enis Nebiovski,MKD,K1 - Men
2017,57,Cameron Mclaughlan,AUS,K1 - Men
2017,58,Koppany Racz,HUN,K1 - Men
2017,59,Kipras Talacka,LTU,K1 - Men
2017,60,Viktor Milanov,MKD,K1 - Men
2017,61,Paitas Ngamsanga,THA,K1 - Men
2017,62,Bartosz Kubik,POL,K1 - Men
2017,63,Artem Zamyslov,UKR,K1 - Men
2017,64,Murilo Sorgetz,BRA,K1 - Men
2017,65,Gabriel De Coster,BEL,K1 - Men
2017,66,Damian Torwick,NZL,K1 - Men
2017,67,Jaroslaw Zaziablo,POL,K1 - Men
2017,68,Okan Celik,TUR,K1 - Men
2017,69,Sheamus O'Connell,CAN,K1 - Men
2017,70,Maksim Malyshev,RUS,K1 - Men
2017,71,Vidar Lindberg,SWE,K1 - Men
2017,72,Pavle Dordjevic,SRB,K1 - Men
2017,73,Sarunas Mickevicus,LTU,K1 - Men
2017,74,Panagiotis Zisekas,GRE,K1 - Men
2017,75,Arnoldas Gotto,LTU,K1 - Men
2017,76,Hristijan Ignatov,MKD,K1 - Men
2017,77,Marko Kesic,SRB,K1 - Men
2017,78,Aleksandar Boskovic,SRB,K1 - Men
2017,79,Victor Hennin,BEL,K1 - Men
2017,80,Mohamad Nazrin Najib,MAS,K1 - Men
2018,1,Jan Barta,CZE,K1 - Men
2018,2,Anatole Delassus,FRA,K1 - Men
2018,3,Tomas Zima,CZE,K1 - Men
2018,4,Vincent Delahaye,FRA,K1 - Men
2018,5,Zack Mutton,NZL,K1 - Men
2018,6,Egor Smirnov,RUS,K1 - Men
2018,7,Jakob Luther,ITA,K1 - Men
2018,8,Guilherme Rodrigues,BRA,K1 - Men
2018,9,Pau Echaniz,ESP,K1 - Men
2018,10,Etienne Chappell,GBR,K1 - Men
2018,11,Murilo Sorgetz,BRA,K1 - Men
2018,12,Jakub Krejci,CZE,K1 - Men
2018,13,Miquel Trave,ESP,K1 - Men
2018,14,Gabriel De Coster,BEL,K1 - Men
2018,15,Joshua Joseph,USA,K1 - Men
2018,16,Valentin Luther,ITA,K1 - Men
2018,17,Tim Bremer,GER,K1 - Men
2018,18,Joshua Dietz,GER,K1 - Men
2018,19,Julien Pajaud,FRA,K1 - Men
2018,20,Taylor Pittman,USA,K1 - Men
2018,21,Ben Haylett,GBR,K1 - Men
2018,22,Lan Tominc,SLO,K1 - Men
2018,23,Matus Stafen,SVK,K1 - Men
2018,24,Leonardo Grimandi,ITA,K1 - Men
2018,24,Vid Ostrbenk,SLO,K1 - Men
2018,26,Maximillian Dilli,GER,K1 - Men
2018,27,Jake Brown,GBR,K1 - Men
2018,28,Jan Rohrer,SUI,K1 - Men
2018,29,Koppany Racz,HUN,K1 - Men
2018,30,Enis Nebiovski,MKD,K1 - Men
2018,31,Yusuke Muto,JPN,K1 - Men
2018,32,Bartosz Kubik,POL,K1 - Men
2018,33,Dmitry Labasov,RUS,K1 - Men
2018,34,Patrik Juricek,SVK,K1 - Men
2018,35,Matej Pasek,SVK,K1 - Men
2018,36,Damian Torwick,NZL,K1 - Men
2018,37,Kosuke Saito,JPN,K1 - Men
2018,38,Adriaan Behets,BEL,K1 - Men
2018,39,Aleksandr Rashev,RUS,K1 - Men
2018,40,Piotr Prusak,POL,K1 - Men
2018,41,Jack Choate,AUS,K1 - Men
2018,42,Ulan Valant,SLO,K1 - Men
2018,43,Kacper Majerczak,POL,K1 - Men
2018,44,Luas Fara Boretti,BRA,K1 - Men
2018,45,Jolan Schmocker,SUI,K1 - Men
2018,46,Jose Carvalho,POR,K1 - Men
2018,47,Artem Zamyslov,UKR,K1 - Men
2018,48,Austin Akins,CAN,K1 - Men
2018,49,Marko Dordevic,SRB,K1 - Men
2018,50,Wesley Bolyard,USA,K1 - Men
2018,51,Adria Moyano,ESP,K1 - Men
2018,52,Julian Ercoli,ARG,K1 - Men
2018,53,Kipras Talacka,LTU,K1 - Men
2018,54,Tobias Fantini,ARG,K1 - Men
2018,55,Vidar Lindberg,SWE,K1 - Men
2018,56,Louis Hannon,IRL,K1 - Men
2018,57,Ivo Kurvins,LAT,K1 - Men
2018,58,Charalampos Troiannos,GRE,K1 - Men
2018,59,Gaetan De Greef,BEL,K1 - Men
2018,60,Bradley Mclaughlan,AUS,K1 - Men
2018,61,Tom Morley,IRL,K1 - Men
2018,62,Joao Cunha,POR,K1 - Men
2018,63,Aleksandar Boskovic,SRB,K1 - Men
2018,64,Fernando Estay,CHI,K1 - Men
2018,65,Panagiotis Arvanitis,GRE,K1 - Men
2018,66,Matas Varslavenas,LTU,K1 - Men
2018,67,Yuuki Tanaka,JPN,K1 - Men
2018,68,Pavle Dordjevic,SRB,K1 - Men
2018,69,Joshua Montalto,AUS,K1 - Men
2018,70,Jarl Frizlen,SUI,K1 - Men
2018,71,Mael Rivard,CAN,K1 - Men
2018,72,George Snook,NZL,K1 - Men
2018,73,Gustas Malakauskas,LTU,K1 - Men
2018,74,Nicholas Tripano,ARG,K1 - Men
2018,75,Panagiotis Zisekas,GRE,K1 - Men
2018,76,Ignacio Bakovic,CHI,K1 - Men
2018,77,Sergey Tikhomirov,KAZ,K1 - Men
2018,78,Edgars Gravitis,LAT,K1 - Men
2018,79,Ralfs Maisins,LAT,K1 - Men
2018,80,Finley Capstick,CAN,K1 - Men
2019,1,Anatole Delassus,FRA,K1 - Men
2019,2,Jakub Krejci,CZE,K1 - Men
2019,3,Vid Ostrbenk,SLO,K1 - Men
2019,4,Jonny Dickson,GBR,K1 - Men
2019,5,Pau Echaniz,ESP,K1 - Men
2019,6,Ben Haylett,GBR,K1 - Men
2019,7,Lan Tominc,SLO,K1 - Men
2019,8,Maximillian Dilli,GER,K1 - Men
2019,9,Etienne Chappell,GBR,K1 - Men
2019,10,Jakob Luther,ITA,K1 - Men
2019,11,Joshua Joseph,USA,K1 - Men
2019,12,Ulan Valant,SLO,K1 - Men
2019,13,Michal Ciaglo,POL,K1 - Men
2019,14,Piotr Prusak,POL,K1 - Men
2019,15,Koppany Racz,HUN,K1 - Men
2019,16,Matej Blascik,SVK,K1 - Men
2019,17,Leonardo Grimandi,ITA,K1 - Men
2019,18,Matus Stafen,SVK,K1 - Men
2019,19,Egor Smirnov,RUS,K1 - Men
2019,20,Martin Rudorfer,CZE,K1 - Men
2019,21,Noe Perreau,FRA,K1 - Men
2019,22,Mikhail Barykin,RUS,K1 - Men
2019,23,Paul Bretzinger,GER,K1 - Men
2019,24,Mael Rivard,CAN,K1 - Men
2019,25,Ilja Buran,SVK,K1 - Men
2019,26,Tom Babin,FRA,K1 - Men
2019,27,Adria Moyano,ESP,K1 - Men
2019,28,Alex Goni,ESP,K1 - Men
2019,29,Yusuke Muto,JPN,K1 - Men
2019,30,Tillmann Röller,GER,K1 - Men
2019,31,Adriaan Behets,BEL,K1 - Men
2019,32,Pitt Rohrer,SUI,K1 - Men
2019,33,Jack Choate,AUS,K1 - Men
2019,34,Jakub Mrazek,CZE,K1 - Men
2019,35,Oliver Puchner,NZL,K1 - Men
2019,36,Masaya Takiguchi,JPN,K1 - Men
2019,37,Paul Preisl,AUT,K1 - Men
2019,38,Angel Petrushev,MKD,K1 - Men
2019,39,Joshua Montalto,AUS,K1 - Men
2019,40,Mikolaj Mastalski,POL,K1 - Men
2019,41,Bradley Mclaughlan,AUS,K1 - Men
2019,42,Manuel Tripano,ARG,K1 - Men
2019,43,Marko Dordevic,SRB,K1 - Men
2019,44,Tommaso Barzon,ITA,K1 - Men
2019,45,Laurel Meyer,SUI,K1 - Men
2019,46,Yuuki Tanaka,JPN,K1 - Men
2019,47,Ralfs Jurjanis,LAT,K1 - Men
2019,48,Yoeri Welling,NED,K1 - Men
2019,49,Nicholas Tripano,ARG,K1 - Men
2019,50,Ivo Kurvins,LAT,K1 - Men
2019,51,Tobias Castiglione,ARG,K1 - Men
2019,52,Wesley Bolyard,USA,K1 - Men
2019,53,Calvin Widmer,SUI,K1 - Men
2019,54,Nour Ait Kaddour,MAR,K1 - Men
2019,55,Mohamed Bekkadour,ALG,K1 - Men
2019,56,Aleksandar Boskovic,SRB,K1 - Men
2019,57,Taylor Harris,NZL,K1 - Men
2019,58,Martin Vegse,CRO,K1 - Men
2019,59,Kipras Talacka,LTU,K1 - Men
2019,60,Arvid Lindberg,SWE,K1 - Men
2019,61,Ivan Kozlov,RUS,K1 - Men
2019,62,Mark Zielonka,CAN,K1 - Men
2019,63,Ethan Dowling,IRL,K1 - Men
2019,64,Gustas Malakauskas,LTU,K1 - Men
2019,65,Jean-Benoit Lemay,CAN,K1 - Men
2019,66,Lucas Aixner,AUT,K1 - Men
2019,67,Ossian Fiander,SWE,K1 - Men
2019,68,Adam Vaugh,IRL,K1 - Men
2019,69,Kaelin Friedenson,USA,K1 - Men
2019,70,George Snook,NZL,K1 - Men
2019,71,Frej Bratt,SWE,K1 - Men
2019,72,Ralfs Baldins,LAT,K1 - Men
2019,73,Tom Morley,IRL,K1 - Men
2019,74,Martin Maznev,MKD,K1 - Men
2019,75,Rytis Selepionokas,LTU,K1 - Men
2019,76,Jakov Matosevic,CRO,K1 - Men
2019,77,Chun-Chieh Wu,TPE,K1 - Men
2021,1,Titouan Castryck,FRA,K1 - Men
2021,2,Martin Rudorfer,CZE,K1 - Men
2021,3,Jan Locnikar,SLO,K1 - Men
2021,4,Matyas Novak,CZE,K1 - Men
2021,5,Matteo Pistoni,ITA,K1 - Men
2021,6,Egor Smirnov,RUS,K1 - Men
2021,7,Urban Gajsek,SLO,K1 - Men
2021,8,Marten Konrad,GER,K1 - Men
2021,9,Konstantin Kazakov,RUS,K1 - Men
2021,10,Gabriele Grimandi,ITA,K1 - Men
2021,11,Kaelin Friedenson,USA,K1 - Men
2021,12,Ondrej Macus,SVK,K1 - Men
2021,13,Jakob Savli,SLO,K1 - Men
2021,14,George Snook,NZL,K1 - Men
2021,15,Angel Petrushev,MKD,K1 - Men
2021,16,Michal Ciaglo,POL,K1 - Men
2021,17,Oskar Hillion,FRA,K1 - Men
2021,18,Mikolaj Mastalski,POL,K1 - Men
2021,19,Filip Stanko,SVK,K1 - Men
2021,20,Ilja Buran,SVK,K1 - Men
2021,21,Jan Piprek,POL,K1 - Men
2021,22,Christian Stanzel,GER,K1 - Men
2021,23,Jakub Mrazek,CZE,K1 - Men
2021,24,Ivan Kozlov,RUS,K1 - Men
2021,25,Haritz Azanza,ESP,K1 - Men
2021,26,Manel Contreras,ESP,K1 - Men
2021,27,Moritz Kremslehner,AUT,K1 - Men
2021,28,Davis Michael Jung,USA,K1 - Men
2021,29,Martin Vegse,CRO,K1 - Men
2021,30,Laurel Meyer,SUI,K1 - Men
2021,31,Mario Otero,ESP,K1 - Men
2021,32,Simon Zeitlhofer,AUT,K1 - Men
2021,33,Benjamin Kies,GER,K1 - Men
2021,34,Alex Baldoni,CAN,K1 - Men
2021,35,Jean-Benoit Lemay,CAN,K1 - Men
2021,36,Edouard Chenal,FRA,K1 - Men
2021,37,Paul Preisl,AUT,K1 - Men
2021,38,Tom Morley,IRL,K1 - Men
2021,39,Martin Gutknecht,SUI,K1 - Men
2021,40,Jakov Matosevic,CRO,K1 - Men
2021,41,Mathys Maniet,BEL,K1 - Men
2021,42,Gustas Malakauskas,LTU,K1 - Men
2021,43,Nicolas Fehlmann,SUI,K1 - Men
2021,44,Stefan Ribarski,MKD,K1 - Men
2021,45,Martins Plaudis,LAT,K1 - Men
2021,46,Antu Gonzalez,CHI,K1 - Men
2021,47,Ignacio Bakovic,CHI,K1 - Men
2021,48,Vuk Bazic,SRB,K1 - Men
2021,49,Matteo-Alexander Olar,ROU,K1 - Men
2021,50,Koce Ignatov,MKD,K1 - Men
2021,51,Patrick Kozma,ROU,K1 - Men
2021,52,Kyler James Long,USA,K1 - Men
2021,53,Nikola Novosel,CRO,K1 - Men
2021,54,Rimantas Pumputis,LTU,K1 - Men
2021,55,Paul Tirler,ITA,K1 - Men
2021,56,Solomon Maragh,JAM,K1 - Men
2021,57,Martin Gomez Y Cuadrado,BEL,K1 - Men
2021,58,Dan Ionut Corodan,ROU,K1 - Men
2021,59,Augustas Drazdauskas,LTU,K1 - Men
2022,1,Titouan Castryck,FRA,K1 - Men
2022,2,Stepan Venic,CZE,K1 - Men
2022,3,Sam Leaver,GBR,K1 - Men
2022,4,Matyas Novak,CZE,K1 - Men
2022,5,Filip Stanko,SVK,K1 - Men
2022,6,Michele Pistoni,ITA,K1 - Men
2022,7,Edward Mcdonald,GBR,K1 - Men
2022,8,Jan Piprek,POL,K1 - Men
2022,9,Xabier Ferrazzi,ITA,K1 - Men
2022,10,Gabriele Grimandi,ITA,K1 - Men
2022,11,Jonas Büchner,GER,K1 - Men
2022,12,Richard Rumansky,SVK,K1 - Men
2022,13,Roko Bengeri,CRO,K1 - Men
2022,14,Hugo Monasse,FRA,K1 - Men
2022,15,Manuel Tripano,ARG,K1 - Men
2022,16,Patrick Gutknecht,SUI,K1 - Men
2022,17,Sebastian Montalto,AUS,K1 - Men
2022,18,Atej Zobec Urbancic,SLO,K1 - Men
2022,19,Luis Erschig,GER,K1 - Men
2022,19,Angel Petrushev,MKD,K1 - Men
2022,21,Hamish Dalziel,AUS,K1 - Men
2022,22,Mark Crosbee,AUS,K1 - Men
2022,23,Manel Contreras,ESP,K1 - Men
2022,24,Adam Semerad,CZE,K1 - Men
2022,25,Mathys Maniet,BEL,K1 - Men
2022,26,Moritz Kremslehner,AUT,K1 - Men
2022,27,Martins Plaudis,LAT,K1 - Men
2022,28,Theo Reby,FRA,K1 - Men
2022,29,Daniel Parry,CAN,K1 - Men
2022,30,Ondrej Macus,SVK,K1 - Men
2022,31,Tom Goldsmith,NZL,K1 - Men
2022,32,Victor Eduardo Carneiro,BRA,K1 - Men
2022,33,Teppei Saito,JPN,K1 - Men
2022,34,Merle Long,USA,K1 - Men
2022,35,Nicolas Fehlmann,SUI,K1 - Men
2022,36,Wiktor Regiec,POL,K1 - Men
2022,37,Marten Konrad,GER,K1 - Men
2022,38,Ryota Imagawa,JPN,K1 - Men
2022,39,Rene Jeklin,SLO,K1 - Men
2022,40,Ziga Lin Hocevar,SLO,K1 - Men
2022,41,Simon Zeitlhofer,AUT,K1 - Men
2022,42,Samuel Hudson Sharp,USA,K1 - Men
2022,43,Artem Ivchenko,UKR,K1 - Men
2022,43,Davis Michael Jung,USA,K1 - Men
2022,45,Nathan Christensen,CAN,K1 - Men
2022,46,Paul Preisl,AUT,K1 - Men
2022,47,Marcin Kosciukiewicz,POL,K1 - Men
2022,48,Ikenna Mbelu,ESP,K1 - Men
2022,49,Javier Arruabarrna,ESP,K1 - Men
2022,50,Tobias Castiglione,ARG,K1 - Men
2022,51,Masato Hakomori,JPN,K1 - Men
2022,52,Isaac Zimmermann,CAN,K1 - Men
2022,53,Li-Hong Liao,TPE,K1 - Men
2022,54,Ben Pillbrow,NZL,K1 - Men
2022,55,Vincent Bloor,NZL,K1 - Men
2022,56,Vejas Pranskunas,LTU,K1 - Men
2022,57,Alexandr Korobov,KAZ,K1 - Men
2022,58,Sebastian Kober,ARG,K1 - Men
2022,59,Augustas Drazdauskas,LTU,K1 - Men
2022,60,Patrick Kozma,ROU,K1 - Men
2022,61,Stefan Ribarski,MKD,K1 - Men
2022,62,Carl Fiander,SWE,K1 - Men
2022,63,Matteo-Alexander Olar,ROU,K1 - Men
2022,64,Vilandas Stasiulevicius,LTU,K1 - Men
2022,65,Kasper Holdrinet,NED,K1 - Men
2022,66,Koce Ignatov,MKD,K1 - Men
2022,67,Dominic Kasper,SUI,K1 - Men
2022,68,Oscar Wyllie,GBR,K1 - Men
2022,69,Serhil Sovko,UKR,K1 - Men
2022,70,Imangali Mambetov,KAZ,K1 - Men
2022,71,Bohdan Polishchuk,UKR,K1 - Men
2022,72,Pradhumna Singh Rathod,IND,K1 - Men
2022,73,Vuk Bazic,SRB,K1 - Men
2022,74,Solomon Maragh,JAM,K1 - Men
2022,75,Beer Belien,NED,K1 - Men
2022,76,Artyom Poltoranin,KAZ,K1 - Men
2022,77,Gustaf Fiander,SWE,K1 - Men
2022,78,Dan Ionut Corodan,ROU,K1 - Men
2023,1,Xabier Ferrazzi,ITA,K1 - Men
2023,2,Martin Cornu,FRA,K1 - Men
2023,3,Ziga Lin Hocevar,SLO,K1 - Men
2023,4,Michal Kopecek,CZE,K1 - Men
2023,5,Marek Bizek,CZE,K1 - Men
2023,6,Serhil Sovko,UKR,K1 - Men
2023,7,Atej Zobec Urbancic,SLO,K1 - Men
2023,8,Matyas Novak,CZE,K1 - Men
2023,9,Enrico Dietz,GER,K1 - Men
2023,10,Jakub Sevcik,SVK,K1 - Men
2023,11,Teppei Saito,JPN,K1 - Men
2023,12,Nicolas Fehlmann,SUI,K1 - Men
2023,13,Salim Ahmad Jemai,TUN,K1 - Men
2023,14,Murray Robb,GBR,K1 - Men
2023,15,Ianis Triomphe,FRA,K1 - Men
2023,16,Faust Clotet,ESP,K1 - Men
2023,17,Christian Stanzel,GER,K1 - Men
2023,18,Miquel Farran,ESP,K1 - Men
2023,19,Artem Ivchenko,UKR,K1 - Men
2023,20,Enej Grm,SLO,K1 - Men
2023,21,Patrick Gutknecht,SUI,K1 - Men
2023,22,Ryota Imagawa,JPN,K1 - Men
2023,23,Michele Pistoni,ITA,K1 - Men
2023,24,Kyler James Long,USA,K1 - Men
2023,25,Erik Sprotowsky,GER,K1 - Men
2023,26,Richard Rumansky,SVK,K1 - Men
2023,27,Moritz Kremslehner,AUT,K1 - Men
2023,28,Victor Eduardo Carneiro,BRA,K1 - Men
2023,29,Marcin Kosciukiewicz,POL,K1 - Men
2023,30,Oscar Wyllie,GBR,K1 - Men
2023,31,James Stamp,AUS,K1 - Men
2023,32,Edgar Paleau-Brasseur,FRA,K1 - Men
2023,33,Gabriele Grimandi,ITA,K1 - Men
2023,34,Jonah Hanrahan,GBR,K1 - Men
2023,35,Daniel Hodas-Pauler,SVK,K1 - Men
2023,36,Keigo Yamamoto,JPN,K1 - Men
2023,37,Dominic Curtin,AUS,K1 - Men
2023,38,Vuk Bazic,SRB,K1 - Men
2023,39,Aitor Iriondo,ESP,K1 - Men
2023,40,Jan Piprek,POL,K1 - Men
2023,41,Tom Goldsmith,NZL,K1 - Men
2023,42,Owen Mckay,CAN,K1 - Men
2023,43,Simon Zeitlhofer,AUT,K1 - Men
2023,44,Martins Plaudis,LAT,K1 - Men
2023,45,Petar Radojkovic,SRB,K1 - Men
2023,46,Rokas Popiera,LTU,K1 - Men
2023,47,Vincent Bloor,NZL,K1 - Men
2023,48,Bennett George,USA,K1 - Men
2023,49,Gustaf Fiander,SWE,K1 - Men
2023,50,Beer Belien,NED,K1 - Men
2023,51,Yeonsu Na,KOR,K1 - Men
2023,52,Krzysztof Ksiazek,POL,K1 - Men
2023,53,Kornelijus Daunoras,LTU,K1 - Men
2023,54,Denys Kasatskyi,UKR,K1 - Men
2023,55,Matthew Jefferies,NZL,K1 - Men
2023,56,Adrijus Averkina,LTU,K1 - Men
2023,57,Alexandr Korobov,KAZ,K1 - Men
2023,58,Jesus Martinez,CHI,K1 - Men
2023,59,Carl Fiander,SWE,K1 - Men
2023,60,Nikola Dimitriev,MKD,K1 - Men
2023,61,Nikolaos-Emmanouil Pantazis,GRE,K1 - Men
2023,62,Santiago Perez,MEX,K1 - Men
2023,63,Laurits Valtenbergs Egeland,NOR,K1 - Men
2023,64,Luca Batori,ROU,K1 - Men
2023,65,Pradhumna Singh Rathod,IND,K1 - Men
2023,66,Daniel Parry,CAN,K1 - Men
2023,67,Arik Bütikhofer,SUI,K1 - Men
2023,68,Stefan Ribarski,MKD,K1 - Men
2023,69,Isaac Zimmermann,CAN,K1 - Men
2023,70,Kai-Chien Yu,TPE,K1 - Men
2023,71,Arjun Rangaswami Pathiyal,USA,K1 - Men
2023,72,Jonas Schmidt,AUT,K1 - Men
2023,73,Santiago Morfin,MEX,K1 - Men
2023,74,Riley Galea,AUS,K1 - Men
2023,75,Leonards Pavilsons,LAT,K1 - Men
2023,76,Patrick Kozma,ROU,K1 - Men
2023,77,Nils Biermans,NED,K1 - Men
2024,1,Ziga Lin HOCEVAR,SLO,K1 - Men
2024,2,Martin CORNU,FRA,K1 - Men
2024,3,Michal Kopecek,CZE,K1 - Men
2024,4,Jachym Burger,CZE,K1 - Men
2024,5,Martin Panzer,CZE,K1 - Men
2024,6,Michele Pistoni,ITA,K1 - Men
2024,7,Dom Bregar,SLO,K1 - Men
2024,8,Elouan DEBLIQUY,FRA,K1 - Men
2024,9,Titouan ESTANGUET,FRA,K1 - Men
2024,10,Merle Long,AUS,K1 - Men
2024,11,Faust CLOTET JUANMARTI,ESP,K1 - Men
2024,12,Jan Vicente,ESP,K1 - Men
2024,13,Andrea Nardo,ITA,K1 - Men
2024,14,Huiming LI,CHN,K1 - Men
2024,15,Felix Sachers,GER,K1 - Men
2024,16,Gwion WILLIAMS,GBR,K1 - Men
2024,17,Daniel Hodas-Pauler,SVK,K1 - Men
2024,18,Tin KOS,SLO,K1 - Men
2024,19,Xingzhou MING,CHN,K1 - Men
2024,20,Dominic Kasper,SUI,K1 - Men
2024,21,Nils Biermans,NED,K1 - Men
2024,22,Luis Hartmann,GER,K1 - Men
2024,23,Max Steinbrenner,AUT,K1 - Men
2024,24,Thyzzian TORRAS,ESP,K1 - Men
2024,25,Martin's PLAUDIS,LAT,K1 - Men
2024,26,Zihuan CHEN,CHN,K1 - Men
2024,27,Oscar WYLLIE,GBR,K1 - Men
2024,28,David Becke,GER,K1 - Men
2024,29,Marek KULCZYCKI,POL,K1 - Men
2024,30,Daniel PARRY,CAN,K1 - Men
2024,31,Teppei SAITO,JPN,K1 - Men
2024,32,Sevan Billaut,AUS,K1 - Men
2024,33,Oliver Goldsmith,NZL,K1 - Men
2024,34,Joachim JABLONSKI,POL,K1 - Men
2024,35,Arkhyp KRACHKO,UKR,K1 - Men
2024,36,Jakob SEEBACHER,AUT,K1 - Men
2024,37,Jonah Hanrahan,GBR,K1 - Men
2024,38,Vuk BAZIC,SRB,K1 - Men
2024,39,Nicola Pistoni,ITA,K1 - Men
2024,40,Arik Bütikofer,SUI,K1 - Men
2024,41,Alexandr Korobov,KAZ,K1 - Men
2024,42,Kadin NOGAJ,NZL,K1 - Men
2024,43,Rostyslav Matviienko,UKR,K1 - Men
2024,44,Adrijus AVERKINAS,LTU,K1 - Men
2024,45,Noah Wilhelmer,AUT,K1 - Men
2024,46,Naohiro KUNIEDA,JPN,K1 - Men
2024,47,John Coleman CHRISTIE WILLIAMS,USA,K1 - Men
2024,48,Filip Duda,SVK,K1 - Men
2024,49,Milo OBLINGER,SUI,K1 - Men
2024,50,Milutin NEDELJKOVIC,SRB,K1 - Men
2024,51,Jose Augusto VIEIRA DE SOUZA,BRA,K1 - Men
2024,52,Dmytro Sokolov,UKR,K1 - Men
2024,53,Rokas POPIERA,LTU,K1 - Men
2024,54,Jayden PARKER,NZL,K1 - Men
2024,55,Loic Lambermont,NED,K1 - Men
2024,56,Isaac Zimmerman,CAN,K1 - Men
2024,57,Chao Jun LIN,TPE,K1 - Men
2024,58,Andrej Arsovsky,MKD,K1 - Men
2024,59,Yeonsu NA,KOR,K1 - Men
2024,60,Kornelijus Daunoras,LTU,K1 - Men
2024,61,Ilija GJORGJIEV,MKD,K1 - Men
2024,62,Carl FIANDER,SWE,K1 - Men
2024,63,Edward WOERNER,USA,K1 - Men
2024,64,Adrian LIGNE,SWE,K1 - Men
2024,65,Matthew VAN HEERDEN,RSA,K1 - Men
2024,66,James Stamp,AUS,K1 - Men
2024,67,Hung Yu CHU,TPE,K1 - Men
2024,68,Gustaf FIANDER,SWE,K1 - Men
2024,69,Nikita Bogdanov,KAZ,K1 - Men
2024,70,Bennett GEORGE,USA,K1 - Men
2024,71,Martins Macijausks,LAT,K1 - Men
2024,72,Juan Antonio Carrasco Cadillo,PER,K1 - Men
2024,73,Raage MAGAN,DJI,K1 - Men
2024,74,Lachlan Faraday,CAN,K1 - Men
2024,75,Samuel Hodon,SVK,K1 - Men
2024,76,Kristijan Smilev,MKD,K1 - Men
2024,77,Aar MAGAN,DJI,K1 - Men
2025,1,Michal Kopecek,Czech Republic,K1 - Men
2025,2,Ziga Lin HOCEVAR,SLO,K1 - Men
2025,3,Titouan ESTANGUET,FRA,K1 - Men
2025,4,Daniele Romano,ITA,K1 - Men
2025,5,Didac FOZ,ESP,K1 - Men
2025,6,Oier DIAZ,ESP,K1 - Men
2025,7,Joseph Seibert,GER,K1 - Men
2025,8,Gwion WILLIAMS,GBR,K1 - Men
2025,9,Clement DAVY,FRA,K1 - Men
2025,10,Nelian LARYEA,GER,K1 - Men
2025,11,Tadej Tilinger,SLO,K1 - Men
2025,12,Artur MEDVID,SVK,K1 - Men
2025,13,Nicola Pistoni,ITA,K1 - Men
2025,14,Max Steinbrenner,AUT,K1 - Men
2025,15,Michal SMIESKO,CAN,K1 - Men
2025,16,Alexandr Korobov,KAZ,K1 - Men
2025,17,Sevan Billaut,OUT OF,K1 - Men
2025,18,Teppei SAITO,JPN,K1 - Men
2025,19,Tao Petit,FRA,K1 - Men
2025,20,Joachim JABLONSKI,POLE,K1 - Men
2025,21,Hung Yu CHU,TPE,K1 - Men
2025,22,Tim Redling,SUI,K1 - Men
2025,23,Marek KULCZYCKI,POLE,K1 - Men
2025,24,Tyler GEVAERT,CAN,K1 - Men
2025,25,James Stamp,OUT OF,K1 - Men
2025,26,Milo OBLINGER,SUI,K1 - Men
2025,27,Daniel PARRY,CAN,K1 - Men
2025,28,Faust CLOTET JUANMARTI,ESP,K1 - Men
2025,29,David SKUBIK,SVK,K1 - Men
2025,30,Tjas VELIKONJA,SLO,K1 - Men
2025,31,Jayden PARKER,NZL,K1 - Men
2025,32,Harry Kirby,GBR,K1 - Men
2025,33,Kadin NOGAJ,NZL,K1 - Men
2025,34,Joachim Berthelo,BY,K1 - Men
2025,35,Paul Lehner,GER,K1 - Men
2025,36,Brando BELOT DE LA HUNAUDAYE,ITA,K1 - Men
2025,37,Jachym FROHLICH,Czech Republic,K1 - Men
2025,38,Arkhyp KRACHKO,UKR,K1 - Men
2025,39,Joseph SAMPSON,NZL,K1 - Men
2025,40,Filip Duda,SVK,K1 - Men
2025,41,Rostyslav Matviienko,UKR,K1 - Men
2025,42,Fergus PAGE-BROWN,OUT OF,K1 - Men
2025,43,Afonso PINHEIRO,POR,K1 - Men
2025,44,Gordey SHCHEHLOV,POR,K1 - Men
2025,45,Antonio Lima,POR,K1 - Men
2025,46,Adrian LIGNE,SWE,K1 - Men
2025,47,Alexandros CHOULIARAS,GRE,K1 - Men
2025,48,Connar HAAKENSON,USA,K1 - Men
2025,49,Kornelijus Daunoras,LTU,K1 - Men
2025,50,Christos AFRATIS-GEORGIOU,GRE,K1 - Men
2025,51,Nikhil Nijhawan,USA,K1 - Men
2025,52,Dominic Thomas,GBR,K1 - Men
2025,53,Lukas ROHRMEISTER,AUT,K1 - Men
2025,54,Klavs AUZNIEKS,LAT,K1 - Men
2025,55,Rokas POPIERA,LTU,K1 - Men
2025,56,Keisaku KODA,JPN,K1 - Men
2025,57,Konstantinos Basiacos,GRE,K1 - Men
2025,58,Raage MAGAN,DJI,K1 - Men
2025,59,Stanislav Mosunovs,LAT,K1 - Men
2025,60,Nicolas RIVADENEYRA,ECU,K1 - Men
2025,61,Martin Panzer,Czech Republic,K1 - Men
2025,62,Nil CHECA BARO,AND,K1 - Men
2025,63,Jakob SEEBACHER,AUT,K1 - Men
2025,64,Dags Poksans,LAT,K1 - Men
2025,66,Oleksii Batashev,UKR,K1 - Men
2025,67,Scott Venniker,RSA,K1 - Men
2025,68,Yu Chia LIN,TPE,K1 - Men
2025,69,Mateusz HAMERSKI,POLE,K1 - Men
2025,70,Loic Lambermont,NED,K1 - Men
2025,71,Barrie TEUNISSEN,NED,K1 - Men
2025,72,Arik Bütikofer,SUI,K1 - Men
2025,73,James GOTTE,RSA,K1 - Men
2025,74,Aar MAGAN,DJI,K1 - Men
2025,650,Adrijus AVERKINAS,LTU,K1 - Men
2026,1,Max STEINBRENNER,AUT,K1 - Men
2026,2,Leo ROYE,FRA,K1 - Men
2026,3,Marek KULCZYCKI,POL,K1 - Men
2026,4,Filip DUDA,SVK,K1 - Men
2026,5,Dominik EGYHAZY,SVK,K1 - Men
2026,6,Sid GRIFFITHS,GBR,K1 - Men
2026,7,Arkhyp KRACHKO,UKR,K1 - Men
2026,8,Oliver FINA,ITA,K1 - Men
2026,9,Milo OBLINGER,AUT,K1 - Men
2026,10,Magi MOYES,ESP,K1 - Men
2026,11,Kilian KÄDING,GER,K1 - Men
2026,12,Lars Aaron SENONER,ITA,K1 - Men
2026,13,Jakob SEEBACHER,AUT,K1 - Men
2026,14,Theo CHETOUI,FRA,K1 - Men
2026,15,Matus EGYHAZY,SVK,K1 - Men
2026,16,Alex CLEATOR,GBR,K1 - Men
2026,17,Fergus PAGE-BROWN,AUS,K1 - Men
2026,18,Hung-Yu CHU,TPE,K1 - Men
2026,19,Tadej TILINGER,SLO,K1 - Men
2026,20,Jakob UNGVARI,GER,K1 - Men
2026,21,Simon SVOBODA,CZE,K1 - Men
2026,22,Wiktor MAZUREK,POL,K1 - Men
2026,23,Jake Thomas MITCHELL,GBR,K1 - Men
2026,24,Mario DEL TESO,ESP,K1 - Men
2026,25,Tim REDLING,SUI,K1 - Men
2026,26,Adam REZEK,CZE,K1 - Men
2026,27,Liam LE TOUZE,FRA,K1 - Men
2026,28,Jan JANCAR,SLO,K1 - Men
2026,29,Krzysztof DUSIK,POL,K1 - Men
2026,30,Kristijan SMILEV,MKD,K1 - Men
2026,31,Marco BACCHIN,ITA,K1 - Men
2026,32,Fameng SHU,CHN,K1 - Men
2026,33,Munro MACQUEEN,AUS,K1 - Men
2026,34,Simon ECKER,GER,K1 - Men
2026,35,Wyatt CHRISTIE-WILLIAMS,USA,K1 - Men
2026,36,Artem KABAK,UKR,K1 - Men
2026,37,Mateo MARETIC,CRO,K1 - Men
2026,38,Mustafa MATIBOEV,UZB,K1 - Men
2026,39,Alexandros CHOULIARAS,GRE,K1 - Men
2026,40,Didac FOZ,ESP,K1 - Men
2026,41,Nil CHECA BARO,AND,K1 - Men
2026,42,Loic LAMBERMONT,NED,K1 - Men
2026,43,Svit KONRAD,SLO,K1 - Men
2026,44,Simao CESAR,POR,K1 - Men
2026,45,Dimitrios ZACHOS,GRE,K1 - Men
2026,46,Antonio LIMA,POR,K1 - Men
2026,47,Joachim BERTHELOT,PER,K1 - Men
2026,48,Martin PEIKER,EST,K1 - Men
2026,49,Michal SMIESKO,CAN,K1 - Men
2026,50,Ibrokhimjon NOSIRJONOV,UZB,K1 - Men
2026,51,Petar HABEK,CRO,K1 - Men
2026,52,Rokas POPIERA,LTU,K1 - Men
2026,53,Delfo BOSSHARD,SUI,K1 - Men
2026,54,Gerson OLIVEIRA,BRA,K1 - Men
2026,55,Tyler GEVAERT,CAN,K1 - Men
2026,56,Adrian LIGNE,SWE,K1 - Men
2026,57,Marius RHEIN,SUI,K1 - Men
2026,58,Jayden PARKER,NZL,K1 - Men
2026,59,William RAINEY,USA,K1 - Men
2026,60,Asilbek ERNAZAROV,UZB,K1 - Men
2026,61,George NOR,CAN,K1 - Men
2026,62,Pavel DIMOVSKI,MKD,K1 - Men
2026,63,Timur RYNK,KAZ,K1 - Men
2026,64,Shun YANG,CHN,K1 - Men
2026,65,Quinn MCCUTCHEON,NZL,K1 - Men
2026,66,Rodrigo CERQUEIRA,POR,K1 - Men
2026,67,Huajian YANG,CHN,K1 - Men
2026,68,Simon GUIOT,HUN,K1 - Men
2026,69,Gergely NESZMELYI,HUN,K1 - Men
2026,70,Daniel BARTOK,HUN,K1 - Men
2026,71,Davi RIBEIRO,BRA,K1 - Men
2026,72,Tobias NOVAK,CZE,K1 - Men
2026,73,Tijn VAN DE VORST,NED,K1 - Men
2026,74,James GOTTE,RSA,K1 - Men
2026,75,Connar HAAKENSON,USA,K1 - Men
2026,76,Kornelijus DAUNORAS,LTU,K1 - Men
2026,77,Rostyslav MATVIIENKO,UKR,K1 - Men
2026,78,Pascual FIERRO,CHI,K1 - Men
2026,79,Rian O'HARE,IRL,K1 - Men
2026,80,Alexander NAGEL,NZL,K1 - Men
2026,81,Luca THAVARASAH,AUS,K1 - Men
2026,82,Benas STYRA,LTU,K1 - Men
2026,83,Ralfs LIEBUS,LAT,K1 - Men
2026,84,Filip PETRUSHEV,MKD,K1 - Men
2026,85,Jayden DAVIS,RSA,K1 - Men
2026,86,Barrie TEUNISSEN,NED,K1 - Men
2026,87,Conor DORRAN,IRL,K1 - Men
2026,88,Dags POKSANS,LAT,K1 - Men
2026,89,Gerardo CARRERA,ECU,K1 - Men
2026,90,Roman BELOSLYUDOV,KAZ,K1 - Men
2026,91,David DENT,RSA,K1 - Men
2026,92,Pieter BOSHOFF,NAM,K1 - Men
